"","Package","LibPath","Version","Priority","Depends","Imports","LinkingTo","Suggests","Enhances","License","License_is_FOSS","License_restricts_use","OS_type","MD5sum","NeedsCompilation","Built"
"abind","abind","/Library/Frameworks/R.framework/Versions/4.0/Resources/library","1.4-5",NA,"R (>= 1.5.0)","methods, utils",NA,NA,NA,"LGPL (>= 2)",NA,NA,NA,NA,"no","4.0.2"
"additivityTests","additivityTests","/Library/Frameworks/R.framework/Versions/4.0/Resources/library","1.1-4",NA,NA,NA,NA,"knitr",NA,"GPL-3",NA,NA,NA,NA,"no","4.0.2"
"ade4","ade4","/Library/Frameworks/R.framework/Versions/4.0/Resources/library","1.7-17",NA,"R (>= 2.10)","graphics, grDevices, methods, stats, utils, MASS, pixmap, sp",NA,"ade4TkGUI, adegraphics, adephylo, ape, CircStats, deldir,
lattice, spdep, splancs, waveslim, progress, foreach, parallel,
doParallel, iterators",NA,"GPL (>= 2)",NA,NA,NA,NA,"yes","4.0.2"
"adehabitatHR","adehabitatHR","/Library/Frameworks/R.framework/Versions/4.0/Resources/library","0.4.19",NA,"R (>= 3.0.1), sp, methods, deldir, ade4, adehabitatMA,
adehabitatLT","graphics, grDevices, stats",NA,"maptools, tkrplot, MASS, rgeos",NA,"GPL (>= 2)",NA,NA,NA,NA,"yes","4.0.2"
"adehabitatLT","adehabitatLT","/Library/Frameworks/R.framework/Versions/4.0/Resources/library","0.3.25",NA,"R (>= 2.10.0), sp, methods, ade4, adehabitatMA, CircStats,
stats","graphics, grDevices, utils",NA,"maptools, tkrplot, MASS",NA,"GPL (>= 2)",NA,NA,NA,NA,"yes","4.0.2"
"adehabitatMA","adehabitatMA","/Library/Frameworks/R.framework/Versions/4.0/Resources/library","0.3.14",NA,"R (>= 2.10.0), sp, methods","utils, graphics, grDevices, stats, filehash",NA,"maptools, tkrplot, MASS",NA,"GPL (>= 2)",NA,NA,NA,NA,"yes","4.0.2"
"ape","ape","/Library/Frameworks/R.framework/Versions/4.0/Resources/library","5.5",NA,"R (>= 3.2.0)","nlme, lattice, graphics, methods, stats, tools, utils,
parallel, Rcpp (>= 0.12.0)","Rcpp","gee, expm, igraph, phangorn",NA,"GPL-2 | GPL-3",NA,NA,NA,NA,"yes","4.0.2"
"arm","arm","/Library/Frameworks/R.framework/Versions/4.0/Resources/library","1.11-2",NA,"R (>= 3.1.0), MASS, Matrix (>= 1.0), stats, lme4 (>= 1.0)","abind, coda, graphics, grDevices, Hmisc, methods, nlme, utils",NA,NA,NA,"GPL (> 2)",NA,NA,NA,NA,"no","4.0.2"
"arrangements","arrangements","/Library/Frameworks/R.framework/Versions/4.0/Resources/library","1.1.9",NA,"R (>= 3.4.0)","gmp, methods, R6",NA,"foreach, knitr, rmarkdown, testthat",NA,"MIT + file LICENSE",NA,NA,NA,NA,"yes","4.0.2"
"askpass","askpass","/Library/Frameworks/R.framework/Versions/4.0/Resources/library","1.1",NA,NA,"sys (>= 2.1)",NA,"testthat",NA,"MIT + file LICENSE",NA,NA,NA,NA,"yes","4.0.2"
"assertthat","assertthat","/Library/Frameworks/R.framework/Versions/4.0/Resources/library","0.2.1",NA,NA,"tools",NA,"testthat, covr",NA,"GPL-3",NA,NA,NA,NA,"no","4.0.2"
"backports","backports","/Library/Frameworks/R.framework/Versions/4.0/Resources/library","1.2.1",NA,"R (>= 3.0.0)",NA,NA,NA,NA,"GPL-2 | GPL-3",NA,NA,NA,NA,"yes","4.0.2"
"base64enc","base64enc","/Library/Frameworks/R.framework/Versions/4.0/Resources/library","0.1-3",NA,"R (>= 2.9.0)",NA,NA,NA,"png","GPL-2 | GPL-3",NA,NA,NA,NA,"yes","4.0.2"
"bayestestR","bayestestR","/Library/Frameworks/R.framework/Versions/4.0/Resources/library","0.10.0",NA,"R (>= 3.4)","insight (>= 0.13.2), methods, stats, utils",NA,"BayesFactor, bayesQR, blavaan, bridgesampling, brms, dplyr,
effectsize, emmeans, GGally, ggplot2, ggridges, httr,
KernSmooth, knitr, lavaan, lme4, logspline, MASS, mclust,
mediation, modelbased, parameters, performance, rmarkdown,
rstan, rstanarm, see, spelling, stringr, testthat, tidyr,
tweedie",NA,"GPL-3",NA,NA,NA,NA,"no","4.0.2"
"BH","BH","/Library/Frameworks/R.framework/Versions/4.0/Resources/library","1.75.0-0",NA,NA,NA,NA,NA,NA,"BSL-1.0",NA,NA,NA,NA,"no","4.0.2"
"bib2df","bib2df","/Library/Frameworks/R.framework/Versions/4.0/Resources/library","1.1.1",NA,NA,"dplyr, stringr, humaniformat, httr",NA,"testthat, knitr, rmarkdown, ggplot2, tidyr",NA,"GPL-3",NA,NA,NA,NA,"no","4.0.2"
"biclust","biclust","/Library/Frameworks/R.framework/Versions/4.0/Resources/library","2.0.3",NA,"R (>= 2.10), MASS, grid, colorspace, lattice","methods, flexclust, additivityTests, tidyr, ggplot2",NA,"isa2",NA,"GPL-3",NA,NA,NA,NA,"yes","4.0.2"
"binom","binom","/Library/Frameworks/R.framework/Versions/4.0/Resources/library","1.1-1",NA,NA,NA,NA,"lattice, polynom, tcltk, ggplot2",NA,"GPL",NA,NA,NA,NA,"yes","4.0.2"
"bitops","bitops","/Library/Frameworks/R.framework/Versions/4.0/Resources/library","1.0-7",NA,NA,NA,NA,NA,NA,"GPL (>= 2)",NA,NA,NA,NA,"yes","4.0.2"
"blob","blob","/Library/Frameworks/R.framework/Versions/4.0/Resources/library","1.2.1",NA,NA,"methods, rlang, vctrs (>= 0.2.1)",NA,"covr, crayon, pillar (>= 1.2.1), testthat",NA,"GPL-3",NA,NA,NA,NA,"no","4.0.2"
"bold","bold","/Library/Frameworks/R.framework/Versions/4.0/Resources/library","1.2.0",NA,NA,"xml2, crul (>= 0.3.8), stringr, jsonlite, reshape, plyr,
data.table, tibble",NA,"sangerseqR, testthat, vcr (>= 0.5.4)",NA,"MIT + file LICENSE",NA,NA,NA,NA,"no","4.0.2"
"bookdown","bookdown","/Library/Frameworks/R.framework/Versions/4.0/Resources/library","0.22",NA,NA,"htmltools (>= 0.3.6), knitr (>= 1.22), rmarkdown (>= 2.6),
xfun (>= 0.22), tinytex (>= 0.12), yaml (>= 2.1.19)",NA,"bslib (>= 0.2.4), downlit (>= 0.2.1), htmlwidgets, jsonlite,
rstudioapi, miniUI, rsconnect (>= 0.4.3), servr (>= 0.13),
shiny, tibble, testit (>= 0.9), tufte, xml2, webshot",NA,"GPL-3",NA,NA,NA,NA,"no","4.0.2"
"brew","brew","/Library/Frameworks/R.framework/Versions/4.0/Resources/library","1.0-6",NA,NA,NA,NA,NA,NA,"GPL-2",NA,NA,NA,NA,NA,"4.0.2"
"brio","brio","/Library/Frameworks/R.framework/Versions/4.0/Resources/library","1.1.2",NA,NA,NA,NA,"testthat (>= 2.1.0), covr",NA,"MIT + file LICENSE",NA,NA,NA,NA,"yes","4.0.2"
"broom","broom","/Library/Frameworks/R.framework/Versions/4.0/Resources/library","0.7.8",NA,"R (>= 3.1)","backports, dplyr (>= 1.0.0), ellipsis, generics (>= 0.0.2),
glue, methods, purrr, rlang, stringr, tibble (>= 3.0.0), tidyr
(>= 1.0.0)",NA,"AER, akima, AUC, bbmle, betareg, biglm, binGroup, boot,
btergm, car, caret, cluster, cmprsk, coda, covr, drc, e1071,
emmeans, epiR, ergm (>= 3.10.4), fixest (>= 0.9.0), gam (>=
1.15), gee, geepack, ggplot2, glmnet, glmnetUtils, gmm, Hmisc,
irlba, joineRML, Kendall, knitr, ks, Lahman, lavaan, leaps,
lfe, lm.beta, lme4, lmodel2, lmtest (>= 0.9.38), lsmeans, maps,
maptools, margins, MASS, Matrix, mclust, mediation, metafor,
mfx, mgcv, mlogit, modeldata, modeltests, muhaz, multcomp,
network, nnet, orcutt (>= 2.2), ordinal, plm, poLCA, psych,
quantreg, Rchoice, rgeos, rmarkdown, robust, robustbase,
rsample, sandwich, sp, spdep (>= 1.1), spatialreg, speedglm,
spelling, survey, survival, systemfit, testthat (>= 2.1.0),
tseries, vars, zoo",NA,"MIT + file LICENSE",NA,NA,NA,NA,"no","4.0.2"
"bslib","bslib","/Library/Frameworks/R.framework/Versions/4.0/Resources/library","0.2.5.1",NA,"R (>= 2.10)","grDevices, htmltools (>= 0.5.1), jsonlite, sass (>= 0.4.0),
jquerylib (>= 0.1.3), rlang, magrittr",NA,"shiny (>= 1.6.0), rmarkdown (>= 2.7), thematic, knitr,
testthat, withr, rappdirs, curl",NA,"MIT + file LICENSE",NA,NA,NA,NA,"no","4.0.2"
"cachem","cachem","/Library/Frameworks/R.framework/Versions/4.0/Resources/library","1.0.5",NA,NA,"rlang, fastmap",NA,"testthat",NA,"MIT + file LICENSE",NA,NA,NA,NA,"yes","4.0.2"
"callr","callr","/Library/Frameworks/R.framework/Versions/4.0/Resources/library","3.7.0",NA,NA,"processx (>= 3.5.0), R6, utils",NA,"cli, covr, ps, rprojroot, spelling, testthat, withr (>=
2.3.0)",NA,"MIT + file LICENSE",NA,NA,NA,NA,"no","4.0.2"
"car","car","/Library/Frameworks/R.framework/Versions/4.0/Resources/library","3.0-11",NA,"R (>= 3.5.0), carData (>= 3.0-0)","abind, MASS, mgcv, nnet, pbkrtest (>= 0.4-4), quantreg,
grDevices, utils, stats, graphics, maptools, rio, lme4 (>=
1.1-27.1), nlme",NA,"alr4, boot, coxme, effects, knitr, leaps, lmtest, Matrix,
MatrixModels, rgl (>= 0.93.960), sandwich, SparseM, survival,
survey",NA,"GPL (>= 2)",NA,NA,NA,NA,"no","4.0.2"
"carData","carData","/Library/Frameworks/R.framework/Versions/4.0/Resources/library","3.0-4",NA,"R (>= 3.5.0)",NA,NA,NA,NA,"GPL (>= 2)",NA,NA,NA,NA,"no","4.0.2"
"caTools","caTools","/Library/Frameworks/R.framework/Versions/4.0/Resources/library","1.18.2",NA,"R (>= 3.6.0)","bitops",NA,"MASS, rpart",NA,"GPL-3",NA,NA,NA,NA,"yes","4.0.2"
"cellranger","cellranger","/Library/Frameworks/R.framework/Versions/4.0/Resources/library","1.1.0",NA,"R (>= 3.0.0)","rematch, tibble",NA,"covr, testthat (>= 1.0.0), knitr, rmarkdown",NA,"MIT + file LICENSE",NA,NA,NA,NA,"no","4.0.2"
"checkmate","checkmate","/Library/Frameworks/R.framework/Versions/4.0/Resources/library","2.0.0",NA,"R (>= 3.0.0)","backports (>= 1.1.0), utils",NA,"R6, fastmatch, data.table (>= 1.9.8), devtools, ggplot2,
knitr, magrittr, microbenchmark, rmarkdown, testthat (>=
0.11.0), tinytest (>= 1.1.0), tibble",NA,"BSD_3_clause + file LICENSE",NA,NA,NA,NA,"yes","4.0.2"
"CircStats","CircStats","/Library/Frameworks/R.framework/Versions/4.0/Resources/library","0.2-6",NA,"MASS, boot",NA,NA,NA,NA,"GPL-2",NA,NA,NA,NA,"no","4.0.2"
"classInt","classInt","/Library/Frameworks/R.framework/Versions/4.0/Resources/library","0.4-3",NA,"R (>= 2.2)","grDevices, stats, graphics, e1071, class, KernSmooth",NA,"spData (>= 0.2.6.2), units, knitr, rmarkdown",NA,"GPL (>= 2)",NA,NA,NA,NA,"yes","4.0.2"
"cli","cli","/Library/Frameworks/R.framework/Versions/4.0/Resources/library","3.0.0",NA,"R (>= 2.10)","glue, utils",NA,"callr, covr, grDevices, htmlwidgets, knitr, methods, mockery,
prettycode (>= 1.1.0), processx, ps (>= 1.3.4.9000), rlang,
rmarkdown, rstudioapi, shiny, testthat, tibble, withr",NA,"MIT + file LICENSE",NA,NA,NA,NA,"yes","4.0.2"
"clipr","clipr","/Library/Frameworks/R.framework/Versions/4.0/Resources/library","0.7.1",NA,NA,"utils",NA,"covr, knitr, rmarkdown, rstudioapi (>= 0.5), testthat (>=
2.0.0)",NA,"GPL-3",NA,NA,NA,NA,"no","4.0.2"
"coda","coda","/Library/Frameworks/R.framework/Versions/4.0/Resources/library","0.19-4",NA,"R (>= 2.14.0)","lattice",NA,NA,NA,"GPL (>= 2)",NA,NA,NA,NA,"no","4.0.2"
"coin","coin","/Library/Frameworks/R.framework/Versions/4.0/Resources/library","1.4-1",NA,"R (>= 3.6.0), survival","methods, parallel, stats, stats4, utils, libcoin (>= 1.0-5),
matrixStats (>= 0.54.0), modeltools (>= 0.2-9), mvtnorm (>=
1.0-5), multcomp","libcoin (>= 1.0-5)","xtable, e1071, vcd, TH.data (>= 1.0-7)",NA,"GPL-2",NA,NA,NA,NA,"yes","4.0.2"
"colorspace","colorspace","/Library/Frameworks/R.framework/Versions/4.0/Resources/library","2.0-2",NA,"R (>= 3.0.0), methods","graphics, grDevices, stats",NA,"datasets, utils, KernSmooth, MASS, kernlab, mvtnorm, vcd,
tcltk, shiny, shinyjs, ggplot2, dplyr, scales, grid, png, jpeg,
knitr, rmarkdown, RColorBrewer, rcartocolor, scico, viridis,
wesanderson",NA,"BSD_3_clause + file LICENSE",NA,NA,NA,NA,"yes","4.0.2"
"commonmark","commonmark","/Library/Frameworks/R.framework/Versions/4.0/Resources/library","1.7",NA,NA,NA,NA,"curl, testthat, xml2",NA,"BSD_2_clause + file LICENSE",NA,NA,NA,NA,"yes","4.0.2"
"CompQuadForm","CompQuadForm","/Library/Frameworks/R.framework/Versions/4.0/Resources/library","1.4.3",NA,NA,NA,NA,NA,NA,"GPL (>= 2)",NA,NA,NA,NA,"yes","4.0.2"
"compute.es","compute.es","/Library/Frameworks/R.framework/Versions/4.0/Resources/library","0.2-5",NA,"R (>= 2.10.1)",NA,NA,NA,NA,"GPL-2",NA,NA,NA,NA,"no","4.0.2"
"conditionz","conditionz","/Library/Frameworks/R.framework/Versions/4.0/Resources/library","0.1.0",NA,"R(>= 3.2.1)","R6, uuid",NA,"testthat",NA,"MIT + file LICENSE",NA,NA,NA,NA,"no","4.0.2"
"conquer","conquer","/Library/Frameworks/R.framework/Versions/4.0/Resources/library","1.0.2",NA,"R (>= 3.5.0)","Rcpp (>= 1.0.3), Matrix, matrixStats, stats","Rcpp, RcppArmadillo (>= 0.9.850.1.0)",NA,NA,"GPL-3",NA,NA,NA,NA,"yes","4.0.2"
"corrplot","corrplot","/Library/Frameworks/R.framework/Versions/4.0/Resources/library","0.90",NA,NA,NA,NA,"seriation, knitr, RColorBrewer, rmarkdown, magrittr,
prettydoc, testthat",NA,"MIT + file LICENSE",NA,NA,NA,NA,"no","4.0.5"
"corrr","corrr","/Library/Frameworks/R.framework/Versions/4.0/Resources/library","0.4.3",NA,"R (>= 3.3.0)","dplyr (>= 1.0.0), ggplot2 (>= 2.2.0), seriation (>= 1.2-0),
purrr (>= 0.2.2), tibble (>= 2.0), ggrepel (>= 0.6.5), rlang
(>= 0.4.0)",NA,"testthat (>= 2.1.0), knitr (>= 1.13), rmarkdown (>= 0.9.6),
dbplyr (>= 1.2.1), DBI, RSQLite, sparklyr (>= 0.9), covr",NA,"MIT + file LICENSE",NA,NA,NA,NA,"no","4.0.2"
"cowplot","cowplot","/Library/Frameworks/R.framework/Versions/4.0/Resources/library","1.1.1",NA,"R (>= 3.5.0)","ggplot2 (> 2.2.1), grid, gtable, grDevices, methods, rlang,
scales",NA,"Cairo, covr, dplyr, forcats, gridGraphics (>= 0.4-0), knitr,
lattice, magick, maps, PASWR, patchwork, rmarkdown, ragg,
testthat (>= 1.0.0), tidyr, vdiffr (>= 0.3.0), VennDiagram",NA,"GPL-2",NA,NA,NA,NA,"no","4.0.2"
"cpp11","cpp11","/Library/Frameworks/R.framework/Versions/4.0/Resources/library","0.3.1",NA,NA,NA,NA,"bench, brio, callr, cli, covr, decor, desc, ggplot2, glue,
knitr, lobstr, mockery, progress, rmarkdown, scales, Rcpp,
testthat, tibble, utils, vctrs, withr",NA,"MIT + file LICENSE",NA,NA,NA,NA,"no","4.0.2"
"crayon","crayon","/Library/Frameworks/R.framework/Versions/4.0/Resources/library","1.4.1",NA,NA,"grDevices, methods, utils",NA,"mockery, rstudioapi, testthat, withr",NA,"MIT + file LICENSE",NA,NA,NA,NA,"no","4.0.2"
"credentials","credentials","/Library/Frameworks/R.framework/Versions/4.0/Resources/library","1.3.0",NA,NA,"openssl (>= 1.3), sys (>= 2.1), curl, jsonlite, askpass",NA,"testthat, knitr, rmarkdown",NA,"MIT + file LICENSE",NA,NA,NA,NA,"no","4.0.2"
"crosstalk","crosstalk","/Library/Frameworks/R.framework/Versions/4.0/Resources/library","1.1.1",NA,NA,"htmltools (>= 0.3.6), jsonlite, lazyeval, R6",NA,"shiny, ggplot2, testthat (>= 2.1.0)",NA,"MIT + file LICENSE",NA,NA,NA,NA,"no","4.0.2"
"crul","crul","/Library/Frameworks/R.framework/Versions/4.0/Resources/library","1.1.0",NA,NA,"curl (>= 3.3), R6 (>= 2.2.0), urltools (>= 1.6.0), httpcode
(>= 0.2.0), jsonlite, mime",NA,"testthat, roxygen2 (>= 7.1.1), fauxpas (>= 0.1.0), webmockr
(>= 0.1.0), knitr, rmarkdown",NA,"MIT + file LICENSE",NA,NA,NA,NA,"no","4.0.2"
"curl","curl","/Library/Frameworks/R.framework/Versions/4.0/Resources/library","4.3.2",NA,"R (>= 3.0.0)",NA,NA,"spelling, testthat (>= 1.0.0), knitr, jsonlite, rmarkdown,
magrittr, httpuv (>= 1.4.4), webutils",NA,"MIT + file LICENSE",NA,NA,NA,NA,"yes","4.0.2"
"cvcqv","cvcqv","/Library/Frameworks/R.framework/Versions/4.0/Resources/library","1.0.0",NA,"R (>= 3.1.2), dplyr (>= 0.8.0.1)","R6, SciViews, boot, MBESS",NA,"testthat, knitr, rmarkdown, covr",NA,"GPL-3",NA,NA,NA,NA,"no","4.0.2"
"data.table","data.table","/Library/Frameworks/R.framework/Versions/4.0/Resources/library","1.14.0",NA,"R (>= 3.1.0)","methods",NA,"bit64 (>= 4.0.0), bit (>= 4.0.4), curl, R.utils, xts,
nanotime, zoo (>= 1.8-1), yaml, knitr, rmarkdown",NA,"MPL-2.0 | file LICENSE",NA,NA,NA,NA,"yes","4.0.2"
"DBI","DBI","/Library/Frameworks/R.framework/Versions/4.0/Resources/library","1.1.1",NA,"methods, R (>= 3.0.0)",NA,NA,"blob, covr, dbplyr, dplyr, glue, hms, knitr, magrittr,
rmarkdown, rprojroot, RMariaDB, RSQLite (>= 1.1-2), testthat,
xml2",NA,"LGPL (>= 2.1)",NA,NA,NA,NA,"no","4.0.2"
"dbplyr","dbplyr","/Library/Frameworks/R.framework/Versions/4.0/Resources/library","2.1.1",NA,"R (>= 3.1)","assertthat (>= 0.2.0), blob (>= 1.2.0), DBI (>= 1.0.0), dplyr
(>= 1.0.4), ellipsis, glue (>= 1.2.0), lifecycle (>= 1.0.0),
magrittr, methods, purrr (>= 0.2.5), R6 (>= 2.2.2), rlang (>=
0.2.0), tibble (>= 1.4.2), tidyselect (>= 0.2.4), utils, vctrs,
withr",NA,"bit64, covr, knitr, Lahman, nycflights13, odbc, RMariaDB (>=
1.0.2), rmarkdown, RPostgres (>= 1.1.3), RPostgreSQL, RSQLite
(>= 2.1.0), testthat (>= 3.0.2), tidyr",NA,"MIT + file LICENSE",NA,NA,NA,NA,"no","4.0.2"
"deldir","deldir","/Library/Frameworks/R.framework/Versions/4.0/Resources/library","0.2-10",NA,"R (>= 3.5.0)","graphics, grDevices",NA,"polyclip",NA,"GPL (>= 2)",NA,NA,NA,NA,"yes","4.0.2"
"dendextend","dendextend","/Library/Frameworks/R.framework/Versions/4.0/Resources/library","1.15.1",NA,"R (>= 3.0.0)","utils, stats, datasets, magrittr (>= 1.0.1), ggplot2, viridis",NA,"knitr, rmarkdown, testthat, seriation, colorspace, ape,
microbenchmark, gplots, heatmaply, dynamicTreeCut, pvclust,
corrplot, DendSer, MASS, cluster, fpc, circlize (>= 0.2.5),
covr","ggdendro, dendroextras, Hmisc, data.table, rpart","GPL-2 | GPL-3",NA,NA,NA,NA,"no","4.0.2"
"desc","desc","/Library/Frameworks/R.framework/Versions/4.0/Resources/library","1.3.0",NA,"R (>= 3.1.0)","utils, R6, crayon, rprojroot",NA,"covr, testthat, whoami, withr, spelling, gh",NA,"MIT + file LICENSE",NA,NA,NA,NA,"no","4.0.2"
"DescTools","DescTools","/Library/Frameworks/R.framework/Versions/4.0/Resources/library","0.99.42",NA,"base, stats, R (>= 3.6.0)","graphics, grDevices, methods, MASS, utils, boot, mvtnorm,
expm, Rcpp (>= 0.12.10), rstudioapi, Exact, gld, data.table","Rcpp, BH","RDCOMClient, tcltk, VGAM, R.rsp",NA,"GPL (>= 2)",NA,NA,NA,NA,"yes","4.0.2"
"devtools","devtools","/Library/Frameworks/R.framework/Versions/4.0/Resources/library","2.4.2",NA,"R (>= 3.0.2), usethis (>= 2.0.1)","callr (>= 3.6.0), cli (>= 2.4.0), desc (>= 1.3.0), ellipsis
(>= 0.3.1), fs (>= 1.5.0), httr (>= 1.4.2), lifecycle (>=
1.0.0), memoise (>= 2.0.0), pkgbuild (>= 1.2.0), pkgload (>=
1.2.1), rcmdcheck (>= 1.3.3), remotes (>= 2.3.0), rlang (>=
0.4.10), roxygen2 (>= 7.1.1), rstudioapi (>= 0.13), rversions
(>= 2.0.2), sessioninfo (>= 1.1.1), stats, testthat (>= 3.0.2),
tools, utils, withr (>= 2.4.1)",NA,"BiocManager (>= 1.30.12), covr (>= 3.5.1), curl (>= 4.3),
digest (>= 0.6.27), DT (>= 0.17), foghorn (>= 1.3.2), gh (>=
1.2.1), gmailr (>= 1.0.0), knitr (>= 1.31), lintr (>= 2.0.1),
MASS, mockery (>= 0.4.2), pingr (>= 2.0.1), pkgdown (>= 1.6.1),
rhub (>= 1.1.1), rmarkdown (>= 2.7), spelling (>= 2.2)",NA,"MIT + file LICENSE",NA,NA,NA,NA,"no","4.0.2"
"DiagrammeR","DiagrammeR","/Library/Frameworks/R.framework/Versions/4.0/Resources/library","1.0.6.1",NA,"R (>= 3.2.0)","dplyr (>= 0.7.6), downloader (>= 0.4), glue (>= 1.3.0),
htmltools (>= 0.3.6), htmlwidgets (>= 1.2), igraph (>= 1.2.2),
influenceR (>= 0.1.0), magrittr (>= 1.5), purrr (>= 0.2.5),
RColorBrewer (>= 1.1-2), readr (>= 1.1.1), rlang (>= 0.2.2),
rstudioapi (>= 0.7), scales (>= 1.0.0), stringr (>= 1.3.1),
tibble (>= 1.4.2), tidyr (>= 0.8.1), viridis (>= 0.5.1),
visNetwork (>= 2.0.4)",NA,"covr, DiagrammeRsvg, rsvg, knitr, testthat, rmarkdown",NA,"MIT + file LICENSE",NA,NA,NA,NA,"no","4.0.2"
"diffobj","diffobj","/Library/Frameworks/R.framework/Versions/4.0/Resources/library","0.3.4",NA,"R (>= 3.1.0)","crayon (>= 1.3.2), tools, methods, utils, stats",NA,"knitr, rmarkdown",NA,"GPL (>= 2)",NA,NA,NA,NA,"yes","4.0.2"
"digest","digest","/Library/Frameworks/R.framework/Versions/4.0/Resources/library","0.6.27",NA,"R (>= 3.3.0)","utils",NA,"tinytest, knitr, rmarkdown, minidown",NA,"GPL (>= 2)",NA,NA,NA,NA,"yes","4.0.2"
"downloader","downloader","/Library/Frameworks/R.framework/Versions/4.0/Resources/library","0.4",NA,NA,"utils, digest",NA,"testthat",NA,"GPL-2",NA,NA,NA,NA,"no","4.0.2"
"dplyr","dplyr","/Library/Frameworks/R.framework/Versions/4.0/Resources/library","1.0.7",NA,"R (>= 3.3.0)","ellipsis, generics, glue (>= 1.3.2), lifecycle (>= 1.0.0),
magrittr (>= 1.5), methods, R6, rlang (>= 0.4.10), tibble (>=
2.1.3), tidyselect (>= 1.1.0), utils, vctrs (>= 0.3.5), pillar
(>= 1.5.1)",NA,"bench, broom, callr, covr, DBI, dbplyr (>= 1.4.3), knitr,
Lahman, lobstr, microbenchmark, nycflights13, purrr, rmarkdown,
RMySQL, RPostgreSQL, RSQLite, testthat (>= 3.0.2), tidyr, withr",NA,"MIT + file LICENSE",NA,NA,NA,NA,"yes","4.0.2"
"DT","DT","/Library/Frameworks/R.framework/Versions/4.0/Resources/library","0.18",NA,NA,"htmltools (>= 0.3.6), htmlwidgets (>= 1.3), jsonlite (>=
0.9.16), magrittr, crosstalk, promises",NA,"knitr (>= 1.8), rmarkdown, shiny (>= 1.6), bslib, testit",NA,"GPL-3 | file LICENSE",NA,NA,NA,NA,"no","4.0.2"
"dtplyr","dtplyr","/Library/Frameworks/R.framework/Versions/4.0/Resources/library","1.1.0",NA,"R (>= 3.3)","crayon, data.table (>= 1.12.4), dplyr (>= 1.0.3), ellipsis,
glue, lifecycle, rlang, tibble, tidyselect, vctrs",NA,"bench, covr, knitr, rmarkdown, testthat (>= 3.0.0), tidyr (>=
1.1.0)",NA,"MIT + file LICENSE",NA,NA,NA,NA,"no","4.0.2"
"e1071","e1071","/Library/Frameworks/R.framework/Versions/4.0/Resources/library","1.7-7",NA,NA,"graphics, grDevices, class, stats, methods, utils, proxy",NA,"cluster, mlbench, nnet, randomForest, rpart, SparseM, xtable,
Matrix, MASS, slam",NA,"GPL-2 | GPL-3",NA,NA,NA,NA,"yes","4.0.2"
"ellipse","ellipse","/Library/Frameworks/R.framework/Versions/4.0/Resources/library","0.4.2",NA,"R (>= 2.0.0),graphics,stats",NA,NA,"MASS",NA,"GPL (>= 2)",NA,NA,NA,NA,"no","4.0.2"
"ellipsis","ellipsis","/Library/Frameworks/R.framework/Versions/4.0/Resources/library","0.3.2",NA,"R (>= 3.2)","rlang (>= 0.3.0)",NA,"covr, testthat",NA,"MIT + file LICENSE",NA,NA,NA,NA,"yes","4.0.2"
"emmeans","emmeans","/Library/Frameworks/R.framework/Versions/4.0/Resources/library","1.6.2-1",NA,"R (>= 3.5.0)","estimability (>= 1.3), graphics, methods, numDeriv, stats,
utils, plyr, mvtnorm, xtable (>= 1.8-2)",NA,"bayesplot, bayestestR, biglm, brms, car, coda (>= 0.17),
ggplot2, lattice, logspline, mediation, mgcv, multcomp,
multcompView, nlme, ordinal (>= 2014.11-12), pbkrtest (>=
0.4-1), lme4, lmerTest (>= 2.0.32), MASS, MuMIn, rsm, knitr,
rmarkdown, scales, splines, testthat","CARBayes, coxme, gee, geepack, MCMCglmm, MCMCpack, mice,
nnet, pscl, rstanarm, sommer, survival","GPL-2 | GPL-3",NA,NA,NA,NA,"no","4.0.5"
"estimability","estimability","/Library/Frameworks/R.framework/Versions/4.0/Resources/library","1.3",NA,"stats",NA,NA,NA,NA,"GPL (>= 3)",NA,NA,NA,NA,"no","4.0.2"
"evaluate","evaluate","/Library/Frameworks/R.framework/Versions/4.0/Resources/library","0.14",NA,"R (>= 3.0.2)","methods",NA,"testthat, lattice, ggplot2",NA,"MIT + file LICENSE",NA,NA,NA,NA,"no","4.0.1"
"Exact","Exact","/Library/Frameworks/R.framework/Versions/4.0/Resources/library","2.1",NA,"R (>= 3.1.0)","graphics, stats, rootSolve",NA,NA,NA,"GPL-2",NA,NA,NA,NA,"no","4.0.2"
"expm","expm","/Library/Frameworks/R.framework/Versions/4.0/Resources/library","0.999-6",NA,"Matrix","methods",NA,"RColorBrewer, sfsmisc, Rmpfr",NA,"GPL (>= 2)",NA,NA,NA,NA,"yes","4.0.2"
"fansi","fansi","/Library/Frameworks/R.framework/Versions/4.0/Resources/library","0.5.0",NA,"R (>= 3.1.0)","grDevices, utils",NA,"unitizer, knitr, rmarkdown",NA,"GPL (>= 2)",NA,NA,NA,NA,"yes","4.0.2"
"farver","farver","/Library/Frameworks/R.framework/Versions/4.0/Resources/library","2.1.0",NA,NA,NA,NA,"testthat (>= 2.1.0), covr",NA,"MIT + file LICENSE",NA,NA,NA,NA,"yes","4.0.2"
"fastmap","fastmap","/Library/Frameworks/R.framework/Versions/4.0/Resources/library","1.1.0",NA,NA,NA,NA,"testthat (>= 2.1.1)",NA,"MIT + file LICENSE",NA,NA,NA,NA,"yes","4.0.2"
"fastmatch","fastmatch","/Library/Frameworks/R.framework/Versions/4.0/Resources/library","1.1-0",NA,NA,NA,NA,NA,NA,"GPL-2",NA,NA,NA,NA,"yes","4.0.2"
"filehash","filehash","/Library/Frameworks/R.framework/Versions/4.0/Resources/library","2.4-2",NA,"R (>= 3.0.0), methods",NA,NA,NA,NA,"GPL (>= 2)",NA,NA,NA,NA,"yes","4.0.2"
"flexclust","flexclust","/Library/Frameworks/R.framework/Versions/4.0/Resources/library","1.4-0",NA,"R (>= 2.14.0), graphics, grid, lattice, modeltools","methods, parallel, stats, stats4, class",NA,"ellipse, clue, cluster, seriation, skmeans",NA,"GPL-2",NA,NA,NA,NA,"yes","4.0.2"
"forcats","forcats","/Library/Frameworks/R.framework/Versions/4.0/Resources/library","0.5.1",NA,"R (>= 3.2)","ellipsis, magrittr, rlang, tibble",NA,"covr, dplyr, ggplot2, knitr, readr, rmarkdown, testthat",NA,"MIT + file LICENSE",NA,NA,NA,NA,"no","4.0.2"
"foreach","foreach","/Library/Frameworks/R.framework/Versions/4.0/Resources/library","1.5.1",NA,"R (>= 2.5.0)","codetools, utils, iterators",NA,"randomForest, doMC, doParallel, testthat, knitr, rmarkdown",NA,"Apache License (== 2.0)",NA,NA,NA,NA,"no","4.0.2"
"Formula","Formula","/Library/Frameworks/R.framework/Versions/4.0/Resources/library","1.2-4",NA,"R (>= 2.0.0), stats",NA,NA,NA,NA,"GPL-2 | GPL-3",NA,NA,NA,NA,"no","4.0.2"
"fs","fs","/Library/Frameworks/R.framework/Versions/4.0/Resources/library","1.5.0",NA,"R (>= 3.1)","methods",NA,"testthat, covr, pillar (>= 1.0.0), tibble (>= 1.1.0), crayon,
rmarkdown, knitr, withr, spelling, vctrs (>= 0.3.0)",NA,"GPL-3",NA,NA,NA,NA,"yes","4.0.2"
"gargle","gargle","/Library/Frameworks/R.framework/Versions/4.0/Resources/library","1.2.0",NA,"R (>= 3.3)","cli (>= 3.0.0), fs (>= 1.3.1), glue (>= 1.3.0), httr (>=
1.4.0), jsonlite, rappdirs, rlang (>= 0.4.9), rstudioapi,
stats, utils, withr",NA,"aws.ec2metadata, aws.signature, covr, httpuv, knitr, mockr,
rmarkdown, sodium, spelling, testthat (>= 3.0.0)",NA,"MIT + file LICENSE",NA,NA,NA,NA,"no","4.0.2"
"gclus","gclus","/Library/Frameworks/R.framework/Versions/4.0/Resources/library","1.3.2",NA,"R (>= 2.10), cluster",NA,NA,"knitr, rmarkdown",NA,"GPL (>= 2)",NA,NA,NA,NA,"no","4.0.2"
"generics","generics","/Library/Frameworks/R.framework/Versions/4.0/Resources/library","0.1.0",NA,"R (>= 3.1)","methods",NA,"covr, pkgload, testthat, tibble",NA,"MIT + file LICENSE",NA,NA,NA,NA,"no","4.0.2"
"gert","gert","/Library/Frameworks/R.framework/Versions/4.0/Resources/library","1.3.1",NA,NA,"askpass, credentials (>= 1.2.1), openssl (>= 1.4.1),
rstudioapi (>= 0.11), sys, zip (>= 2.1.0)",NA,"spelling, knitr, rmarkdown, testthat",NA,"MIT + file LICENSE",NA,NA,NA,NA,"yes","4.0.2"
"ggforce","ggforce","/Library/Frameworks/R.framework/Versions/4.0/Resources/library","0.3.3",NA,"ggplot2 (>= 3.0.0), R (>= 3.3.0)","Rcpp (>= 0.12.2), grid, scales, MASS, tweenr (>= 0.1.5),
gtable, rlang, polyclip, stats, grDevices, tidyselect, withr,
utils","Rcpp, RcppEigen","sessioninfo, concaveman, deldir, reshape2, units (>= 0.4-6),
covr",NA,"MIT + file LICENSE",NA,NA,NA,NA,"yes","4.0.2"
"ggmap","ggmap","/Library/Frameworks/R.framework/Versions/4.0/Resources/library","3.0.0",NA,"R (>= 3.1.0), ggplot2 (>= 2.2.0)","RgoogleMaps, png, plyr, rjson, jpeg, digest, scales, dplyr,
bitops, grid, glue, httr, stringr, purrr, magrittr, tibble,
tidyr",NA,"MASS, hexbin, testthat",NA,"GPL-2",NA,NA,NA,NA,"no","4.0.2"
"ggplot2","ggplot2","/Library/Frameworks/R.framework/Versions/4.0/Resources/library","3.3.5",NA,"R (>= 3.3)","digest, glue, grDevices, grid, gtable (>= 0.1.1), isoband,
MASS, mgcv, rlang (>= 0.4.10), scales (>= 0.5.0), stats,
tibble, withr (>= 2.0.0)",NA,"covr, ragg, dplyr, ggplot2movies, hexbin, Hmisc, interp,
knitr, lattice, mapproj, maps, maptools, multcomp, munsell,
nlme, profvis, quantreg, RColorBrewer, rgeos, rmarkdown, rpart,
sf (>= 0.7-3), svglite (>= 1.2.0.9001), testthat (>= 2.1.0),
vdiffr (>= 1.0.0), xml2","sp","MIT + file LICENSE",NA,NA,NA,NA,"no","4.0.2"
"ggpubr","ggpubr","/Library/Frameworks/R.framework/Versions/4.0/Resources/library","0.4.0",NA,"R (>= 3.1.0), ggplot2","ggrepel, grid, ggsci, stats, utils, tidyr, purrr, dplyr (>=
0.7.1), cowplot, ggsignif, scales, gridExtra, glue, polynom,
rlang, rstatix (>= 0.6.0), tibble, magrittr",NA,"grDevices, knitr, RColorBrewer, gtable",NA,"GPL-2",NA,NA,NA,NA,"no","4.0.2"
"ggraph","ggraph","/Library/Frameworks/R.framework/Versions/4.0/Resources/library","2.0.5",NA,"R (>= 2.10), ggplot2 (>= 3.0.0)","Rcpp (>= 0.12.2), dplyr, ggforce (>= 0.3.1), grid, igraph (>=
1.0.0), scales, MASS, digest, gtable, ggrepel, utils, stats,
viridis, rlang, tidygraph, graphlayouts (>= 0.5.0), withr","Rcpp","network, knitr, rmarkdown, purrr, tibble, seriation, deldir,
gganimate, covr",NA,"MIT + file LICENSE",NA,NA,NA,NA,"yes","4.0.2"
"ggrepel","ggrepel","/Library/Frameworks/R.framework/Versions/4.0/Resources/library","0.9.1",NA,"R (>= 3.0.0), ggplot2 (>= 2.2.0)","grid, Rcpp, rlang (>= 0.3.0), scales (>= 0.5.0)","Rcpp","knitr, rmarkdown, testthat, gridExtra, devtools, prettydoc,
ggbeeswarm, dplyr, magrittr, readr, stringr",NA,"GPL-3 | file LICENSE",NA,NA,NA,NA,"yes","4.0.2"
"ggsci","ggsci","/Library/Frameworks/R.framework/Versions/4.0/Resources/library","2.9",NA,"R (>= 3.0.2)","grDevices, scales, ggplot2 (>= 2.0.0)",NA,"knitr, rmarkdown, gridExtra, reshape2",NA,"GPL-3 | file LICENSE",NA,NA,NA,NA,"no","4.0.2"
"ggsignif","ggsignif","/Library/Frameworks/R.framework/Versions/4.0/Resources/library","0.6.2",NA,NA,"ggplot2 (>= 3.3.3)",NA,"knitr, rmarkdown, spelling, testthat, vdiffr (>= 1.0.0)",NA,"GPL-3 | file LICENSE",NA,NA,NA,NA,"no","4.0.2"
"gh","gh","/Library/Frameworks/R.framework/Versions/4.0/Resources/library","1.3.0",NA,NA,"cli (>= 2.0.1), gitcreds, httr (>= 1.2), ini, jsonlite",NA,"covr, knitr, mockery, rmarkdown, rprojroot, spelling,
testthat (>= 2.3.2), withr",NA,"MIT + file LICENSE",NA,NA,NA,NA,"no","4.0.2"
"gitcreds","gitcreds","/Library/Frameworks/R.framework/Versions/4.0/Resources/library","0.1.1",NA,NA,NA,NA,"codetools, testthat, knitr, mockery, oskeyring, rmarkdown,
withr",NA,"MIT + file LICENSE",NA,NA,NA,NA,"no","4.0.2"
"gld","gld","/Library/Frameworks/R.framework/Versions/4.0/Resources/library","2.6.2",NA,NA,"stats, graphics, e1071, lmom",NA,"",NA,"GPL (>= 2)",NA,NA,NA,NA,"yes","4.0.2"
"glmmTMB","glmmTMB","/Library/Frameworks/R.framework/Versions/4.0/Resources/library","1.1.1",NA,"R (>= 3.2.0)","methods, TMB (>= 1.7.14), lme4 (>= 1.1-18.9000), Matrix, nlme,
numDeriv","TMB, RcppEigen","knitr, rmarkdown, testthat, MASS, lattice, ggplot2 (>=
2.2.1), mlmRev, bbmle (>= 1.0.19), pscl, coda, reshape2, car
(>= 3.0.6), emmeans (>= 1.4), estimability, DHARMa, multcomp,
MuMIn, effects (>= 4.0-1), dotwhisker, broom, broom.mixed,
plyr, png, boot, texreg, xtable, huxtable, mvabund",NA,"AGPL-3",NA,NA,NA,NA,"yes","4.0.2"
"glue","glue","/Library/Frameworks/R.framework/Versions/4.0/Resources/library","1.4.2",NA,"R (>= 3.2)","methods",NA,"testthat, covr, magrittr, crayon, knitr, rmarkdown, DBI,
RSQLite, R.utils, forcats, microbenchmark, rprintf, stringr,
ggplot2, dplyr, withr, vctrs (>= 0.3.0)",NA,"MIT + file LICENSE",NA,NA,NA,NA,"yes","4.0.2"
"gmp","gmp","/Library/Frameworks/R.framework/Versions/4.0/Resources/library","0.6-2",NA,"R (>= 3.5.0)","methods",NA,"Rmpfr, MASS, round",NA,"GPL (>= 2)",NA,NA,NA,NA,"yes","4.0.2"
"googledrive","googledrive","/Library/Frameworks/R.framework/Versions/4.0/Resources/library","2.0.0",NA,"R (>= 3.3)","cli (>= 3.0.0), gargle (>= 1.2.0), glue (>= 1.4.2), httr,
jsonlite, lifecycle, magrittr, pillar, purrr (>= 0.2.3), rlang
(>= 0.4.9), tibble (>= 2.0.0), utils, uuid, vctrs (>= 0.3.0),
withr",NA,"covr, curl, downlit, dplyr (>= 1.0.0), knitr, mockr,
rmarkdown, roxygen2, sodium, spelling, testthat (>= 3.0.0)",NA,"MIT + file LICENSE",NA,NA,NA,NA,"no","4.0.5"
"googlesheets","googlesheets","/Library/Frameworks/R.framework/Versions/4.0/Resources/library","0.3.0",NA,"R (>= 3.2.0)","cellranger (>= 1.0.0), dplyr (>= 0.4.2), httr (>= 1.1.0),
jsonlite, purrr, readr (>= 0.2.2), stats, stringr, tibble,
tidyr, utils, xml2 (>= 1.0.0)",NA,"covr, ggplot2, knitr, rmarkdown, rprojroot, testthat (>=
1.0.0)",NA,"MIT + file LICENSE",NA,NA,NA,NA,"no","4.0.2"
"googlesheets4","googlesheets4","/Library/Frameworks/R.framework/Versions/4.0/Resources/library","0.3.0",NA,"R (>= 3.2)","cellranger, curl, gargle (>= 1.0.0), glue (>= 1.3.0),
googledrive (>= 1.0.0), httr, ids, lifecycle, magrittr,
methods, purrr, rematch2, rlang, tibble (>= 2.1.1), utils,
vctrs (>= 0.2.3)",NA,"covr, readr, rmarkdown, sodium, spelling, testthat (>=
2.1.0), withr",NA,"MIT + file LICENSE",NA,NA,NA,NA,"no","4.0.2"
"gplots","gplots","/Library/Frameworks/R.framework/Versions/4.0/Resources/library","3.1.1",NA,"R (>= 3.0)","gtools, stats, caTools, KernSmooth",NA,"grid, MASS, knitr",NA,"GPL-2",NA,NA,NA,NA,"no","4.0.2"
"graphlayouts","graphlayouts","/Library/Frameworks/R.framework/Versions/4.0/Resources/library","0.7.1",NA,"R (>= 3.2.0)","igraph, Rcpp","Rcpp, RcppArmadillo","oaqc, testthat, ggraph, ggplot2, knitr, rmarkdown",NA,"MIT + file LICENSE",NA,NA,NA,NA,"yes","4.0.2"
"gridExtra","gridExtra","/Library/Frameworks/R.framework/Versions/4.0/Resources/library","2.3",NA,NA,"gtable, grid, grDevices, graphics, utils",NA,"ggplot2, egg, lattice, knitr, testthat",NA,"GPL (>= 2)",NA,NA,NA,NA,"no","4.0.2"
"gsheet","gsheet","/Library/Frameworks/R.framework/Versions/4.0/Resources/library","0.4.5",NA,NA,"httr, stringr",NA,"testthat, readr",NA,"GPL-3",NA,NA,NA,NA,"no","4.0.2"
"gsl","gsl","/Library/Frameworks/R.framework/Versions/4.0/Resources/library","2.1-6",NA,"R (>= 3.1.0)",NA,NA,NA,NA,"GPL-3",NA,NA,NA,NA,"yes","4.0.2"
"gtable","gtable","/Library/Frameworks/R.framework/Versions/4.0/Resources/library","0.3.0",NA,"R (>= 3.0)","grid",NA,"covr, testthat, knitr, rmarkdown, ggplot2, profvis",NA,"GPL-2",NA,NA,NA,NA,"no","4.0.2"
"gtools","gtools","/Library/Frameworks/R.framework/Versions/4.0/Resources/library","3.9.2",NA,"methods, stats, utils",NA,NA,"car, gplots, knitr, rstudioapi, SGP, taxize",NA,"GPL-2",NA,NA,NA,NA,"yes","4.0.2"
"haven","haven","/Library/Frameworks/R.framework/Versions/4.0/Resources/library","2.4.1",NA,"R (>= 3.2)","forcats (>= 0.2.0), hms, methods, readr (>= 0.1.0), rlang (>=
0.4.0), tibble, tidyselect, vctrs (>= 0.3.0)","cpp11","cli, covr, crayon, fs, knitr, pillar (>= 1.4.0), rmarkdown,
testthat (>= 3.0.0)",NA,"MIT + file LICENSE",NA,NA,NA,NA,"yes","4.0.2"
"here","here","/Library/Frameworks/R.framework/Versions/4.0/Resources/library","1.0.1",NA,NA,"rprojroot (>= 2.0.2)",NA,"conflicted, covr, fs, knitr, palmerpenguins, plyr, readr,
rlang, rmarkdown, testthat, uuid, withr",NA,"MIT + file LICENSE",NA,NA,NA,NA,"no","4.0.2"
"hexbin","hexbin","/Library/Frameworks/R.framework/Versions/4.0/Resources/library","1.28.2",NA,"R (>= 2.0.1), methods","lattice, grid, graphics, grDevices, stats, utils",NA,"marray, affy, Biobase, limma, knitr",NA,"GPL-2",NA,NA,NA,NA,"yes","4.0.2"
"highr","highr","/Library/Frameworks/R.framework/Versions/4.0/Resources/library","0.9",NA,"R (>= 3.2.3)","xfun (>= 0.18)",NA,"knitr, markdown, testit",NA,"GPL",NA,NA,NA,NA,"no","4.0.2"
"Hmisc","Hmisc","/Library/Frameworks/R.framework/Versions/4.0/Resources/library","4.5-0",NA,"lattice, survival (>= 3.1-6), Formula, ggplot2 (>= 2.2)","methods, latticeExtra, cluster, rpart, nnet, foreign, gtable,
grid, gridExtra, data.table, htmlTable (>= 1.11.0), viridis,
htmltools, base64enc",NA,"acepack, chron, rms, mice, tables, knitr, plotly (>= 4.5.6),
rlang, plyr, VGAM",NA,"GPL (>= 2)",NA,NA,NA,NA,"yes","4.0.2"
"hms","hms","/Library/Frameworks/R.framework/Versions/4.0/Resources/library","1.1.0",NA,NA,"ellipsis (>= 0.3.2), lifecycle, methods, pkgconfig, rlang,
vctrs (>= 0.3.8)",NA,"crayon, lubridate, pillar (>= 1.1.0), testthat (>= 3.0.0)",NA,"MIT + file LICENSE",NA,NA,NA,NA,"no","4.0.2"
"htmlTable","htmlTable","/Library/Frameworks/R.framework/Versions/4.0/Resources/library","2.2.1",NA,NA,"stringr, knitr (>= 1.6), magrittr (>= 1.5), methods,
checkmate, htmlwidgets, htmltools, rstudioapi (>= 0.6)",NA,"testthat, XML, xml2, Hmisc, reshape, rmarkdown, chron,
lubridate, tibble, purrr, tidyselect, glue, rlang, tidyr (>=
0.7.2), dplyr (>= 0.7.4)",NA,"GPL (>= 3)",NA,NA,NA,NA,"no","4.0.2"
"htmltools","htmltools","/Library/Frameworks/R.framework/Versions/4.0/Resources/library","0.5.1.1",NA,"R (>= 2.14.1)","utils, digest, grDevices, base64enc, rlang",NA,"markdown, testthat, withr, Cairo, ragg, shiny","knitr","GPL (>= 2)",NA,NA,NA,NA,"yes","4.0.2"
"htmlwidgets","htmlwidgets","/Library/Frameworks/R.framework/Versions/4.0/Resources/library","1.5.3",NA,NA,"grDevices, htmltools (>= 0.3), jsonlite (>= 0.9.16), yaml",NA,"knitr (>= 1.8), rmarkdown, testthat","shiny (>= 1.1)","MIT + file LICENSE",NA,NA,NA,NA,"no","4.0.2"
"httpcode","httpcode","/Library/Frameworks/R.framework/Versions/4.0/Resources/library","0.3.0",NA,NA,NA,NA,"testthat",NA,"MIT + file LICENSE",NA,NA,NA,NA,"no","4.0.2"
"httpuv","httpuv","/Library/Frameworks/R.framework/Versions/4.0/Resources/library","1.6.1",NA,"R (>= 2.15.1)","Rcpp (>= 0.11.0), utils, R6, promises, later (>= 0.8.0)","Rcpp, later","testthat, callr, curl, websocket",NA,"GPL (>= 2) | file LICENSE",NA,NA,NA,NA,"yes","4.0.2"
"httr","httr","/Library/Frameworks/R.framework/Versions/4.0/Resources/library","1.4.2",NA,"R (>= 3.2)","curl (>= 3.0.0), jsonlite, mime, openssl (>= 0.8), R6",NA,"covr, httpuv, jpeg, knitr, png, readr, rmarkdown, testthat
(>= 0.8.0), xml2",NA,"MIT + file LICENSE",NA,NA,NA,NA,"no","4.0.2"
"humaniformat","humaniformat","/Library/Frameworks/R.framework/Versions/4.0/Resources/library","0.6.0",NA,NA,"Rcpp, methods","Rcpp","testthat, knitr",NA,"MIT + file LICENSE",NA,NA,NA,NA,"yes","4.0.2"
"hunspell","hunspell","/Library/Frameworks/R.framework/Versions/4.0/Resources/library","3.0.1",NA,"R (>= 3.0.2)","Rcpp, digest","Rcpp (>= 0.12.12)","spelling, testthat, pdftools, janeaustenr, wordcloud2, knitr,
stopwords, rmarkdown",NA,"GPL-2 | LGPL-2.1 | MPL-1.1",NA,NA,NA,NA,"yes","4.0.2"
"ids","ids","/Library/Frameworks/R.framework/Versions/4.0/Resources/library","1.0.1",NA,NA,"openssl, uuid",NA,"knitr, rcorpora, rmarkdown, testthat",NA,"MIT + file LICENSE",NA,NA,NA,NA,"no","4.0.2"
"igraph","igraph","/Library/Frameworks/R.framework/Versions/4.0/Resources/library","1.2.6",NA,"methods","graphics, grDevices, magrittr, Matrix, pkgconfig (>= 2.0.0),
stats, utils",NA,"ape, digest, graph, igraphdata, rgl, scales, stats4, tcltk,
testthat, withr",NA,"GPL (>= 2)",NA,NA,NA,NA,"yes","4.0.2"
"influenceR","influenceR","/Library/Frameworks/R.framework/Versions/4.0/Resources/library","0.1.0",NA,"R (>= 3.2.0)","igraph (>= 1.0.1), Matrix (>= 1.1-4), methods, utils",NA,"testthat",NA,"GPL-2",NA,NA,NA,NA,"yes","4.0.2"
"ini","ini","/Library/Frameworks/R.framework/Versions/4.0/Resources/library","0.3.1",NA,NA,NA,NA,"testthat",NA,"GPL-3",NA,NA,NA,NA,"no","4.0.2"
"insight","insight","/Library/Frameworks/R.framework/Versions/4.0/Resources/library","0.14.2",NA,"R (>= 3.4)","methods, stats, utils",NA,"AER, afex, aod, BayesFactor, bayestestR, bbmle, bdsmatrix,
betareg, BGGM, biglm, blavaan, blme, boot, brms, censReg, cgam,
clubSandwich, coxme, cplm, crch, dplyr, effectsize, emmeans,
epiR, estimatr, feisr, fixest, fungible, gam, gamlss, gamm4,
gbm, gee, geepack, GLMMadaptive, glmmTMB, gmnl, gt, httr,
ivreg, JM, knitr, lavaan, lfe, lme4, lmtest, logistf, MASS,
Matrix, mclust, MCMCglmm, merTools, metaBMA, mgcv, mice,
mlogit, multgee, nlme, nnet, nonnest2, ordinal, panelr,
parameters, parsnip, performance, plm, pscl, psych, quantreg,
rmarkdown, rms, robustbase, robustlmm, rstanarm (>= 2.21.1),
rstantools, rstudioapi, sandwich, speedglm, spelling, splines,
statmod, survey, survival, testthat, tripack, truncreg, VGAM",NA,"GPL-3",NA,NA,NA,NA,"no","4.0.2"
"isoband","isoband","/Library/Frameworks/R.framework/Versions/4.0/Resources/library","0.2.4",NA,NA,"grid, utils",NA,"covr, ggplot2, knitr, magick, microbenchmark, rmarkdown, sf,
testthat, xml2",NA,"MIT + file LICENSE",NA,NA,NA,NA,"yes","4.0.2"
"iterators","iterators","/Library/Frameworks/R.framework/Versions/4.0/Resources/library","1.0.13",NA,"R (>= 2.5.0), utils",NA,NA,"RUnit, foreach",NA,"Apache License (== 2.0)",NA,NA,NA,NA,"no","4.0.2"
"janeaustenr","janeaustenr","/Library/Frameworks/R.framework/Versions/4.0/Resources/library","0.1.5",NA,"R (>= 3.1.2)",NA,NA,"dplyr, testthat",NA,"MIT + file LICENSE",NA,NA,NA,NA,"no","4.0.2"
"jpeg","jpeg","/Library/Frameworks/R.framework/Versions/4.0/Resources/library","0.1-8.1",NA,"R (>= 2.9.0)",NA,NA,NA,NA,"GPL-2 | GPL-3",NA,NA,NA,NA,"yes","4.0.2"
"jquerylib","jquerylib","/Library/Frameworks/R.framework/Versions/4.0/Resources/library","0.1.4",NA,NA,"htmltools",NA,"testthat",NA,"MIT + file LICENSE",NA,NA,NA,NA,"no","4.0.2"
"jsonlite","jsonlite","/Library/Frameworks/R.framework/Versions/4.0/Resources/library","1.7.2",NA,"methods",NA,NA,"httr, curl, plyr, testthat, knitr, rmarkdown, R.rsp, sf",NA,"MIT + file LICENSE",NA,NA,NA,NA,"yes","4.0.2"
"kableExtra","kableExtra","/Library/Frameworks/R.framework/Versions/4.0/Resources/library","1.3.4",NA,"R (>= 3.1.0)","knitr (>= 1.16), magrittr, stringr (>= 1.0), xml2 (>= 1.1.1),
rvest, rmarkdown (>= 1.6.0), scales, viridisLite, stats,
grDevices, htmltools, rstudioapi, glue, tools, webshot, digest,
graphics, svglite",NA,"testthat, magick, formattable, sparkline",NA,"MIT + file LICENSE",NA,NA,NA,NA,"no","4.0.2"
"knitr","knitr","/Library/Frameworks/R.framework/Versions/4.0/Resources/library","1.33",NA,"R (>= 3.2.3)","evaluate (>= 0.10), highr, methods, markdown, stringr (>=
0.6), yaml (>= 2.1.19), xfun (>= 0.21), tools",NA,"formatR, testit, digest, rgl (>= 0.95.1201), codetools,
rmarkdown, htmlwidgets (>= 0.7), webshot, tikzDevice (>= 0.10),
tinytex, reticulate (>= 1.4), JuliaCall (>= 0.11.1), magick,
png, jpeg, gifski, xml2 (>= 1.2.0), httr, DBI (>= 0.4-1),
showtext, tibble, sass, bslib, ragg, styler (>= 1.2.0)",NA,"GPL",NA,NA,NA,NA,"no","4.0.2"
"labeling","labeling","/Library/Frameworks/R.framework/Versions/4.0/Resources/library","0.4.2",NA,NA,"stats, graphics",NA,NA,NA,"MIT + file LICENSE | Unlimited",NA,NA,NA,NA,"no","4.0.2"
"later","later","/Library/Frameworks/R.framework/Versions/4.0/Resources/library","1.2.0",NA,NA,"Rcpp (>= 0.12.9), rlang","Rcpp","knitr, rmarkdown, testthat (>= 2.1.0)",NA,"MIT + file LICENSE",NA,NA,NA,NA,"yes","4.0.2"
"latticeExtra","latticeExtra","/Library/Frameworks/R.framework/Versions/4.0/Resources/library","0.6-29",NA,"R (>= 3.6.0), lattice","grid, stats, utils, grDevices, png, jpeg, RColorBrewer",NA,"maps, mapproj, deldir, tripack, quantreg, zoo, MASS, mgcv",NA,"GPL (>= 2)",NA,NA,NA,NA,"no","4.0.2"
"lavaan","lavaan","/Library/Frameworks/R.framework/Versions/4.0/Resources/library","0.6-9",NA,"R(>= 3.4)","methods, stats4, stats, utils, graphics, MASS, mnormt,
pbivnorm, numDeriv",NA,NA,NA,"GPL (>= 2)",NA,NA,NA,NA,"no","4.0.2"
"lazyeval","lazyeval","/Library/Frameworks/R.framework/Versions/4.0/Resources/library","0.2.2",NA,"R (>= 3.1.0)",NA,NA,"knitr, rmarkdown (>= 0.2.65), testthat, covr",NA,"GPL-3",NA,NA,NA,NA,"yes","4.0.2"
"leaflet","leaflet","/Library/Frameworks/R.framework/Versions/4.0/Resources/library","2.0.4.1",NA,"R (>= 3.1.0)","base64enc, crosstalk, htmlwidgets, htmltools, magrittr,
markdown, methods, png, RColorBrewer, raster, scales (>=
1.0.0), sp, stats, viridis (>= 0.5.1), leaflet.providers (>=
1.8.0)",NA,"knitr, maps, sf (>= 0.9-6), shiny, rgdal, rgeos, R6, RJSONIO,
purrr, testthat",NA,"GPL-3",NA,NA,NA,NA,"no","4.0.2"
"leaflet.extras","leaflet.extras","/Library/Frameworks/R.framework/Versions/4.0/Resources/library","1.0.0",NA,"R (>= 3.1.0), leaflet (>= 2.0.0)","htmlwidgets, htmltools, stringr, magrittr",NA,"jsonlite, readr",NA,"GPL-3 | file LICENSE",NA,NA,NA,NA,"no","4.0.2"
"leaflet.providers","leaflet.providers","/Library/Frameworks/R.framework/Versions/4.0/Resources/library","1.9.0",NA,"R (>= 2.10)",NA,NA,"V8, jsonlite, testthat (>= 2.1.0)",NA,"BSD_2_clause + file LICENSE",NA,NA,NA,NA,"no","4.0.2"
"libcoin","libcoin","/Library/Frameworks/R.framework/Versions/4.0/Resources/library","1.0-8",NA,"R (>= 3.4.0)","stats, mvtnorm","mvtnorm","coin",NA,"GPL-2",NA,NA,NA,NA,"yes","4.0.2"
"lifecycle","lifecycle","/Library/Frameworks/R.framework/Versions/4.0/Resources/library","1.0.0",NA,"R (>= 3.3)","glue, rlang (>= 0.4.10)",NA,"covr, crayon, knitr, rmarkdown, testthat (>= 3.0.1), tibble",NA,"MIT + file LICENSE",NA,NA,NA,NA,"no","4.0.2"
"lme4","lme4","/Library/Frameworks/R.framework/Versions/4.0/Resources/library","1.1-27.1",NA,"R (>= 3.2.0), Matrix (>= 1.2-1), methods, stats","graphics, grid, splines, utils, parallel, MASS, lattice, boot,
nlme (>= 3.1-123), minqa (>= 1.1.15), nloptr (>= 1.0.4)","Rcpp (>= 0.10.5), RcppEigen","knitr, rmarkdown, PKPDmodels, MEMSS, testthat (>= 0.8.1),
ggplot2, mlmRev, optimx (>= 2013.8.6), gamm4, pbkrtest, HSAUR3,
numDeriv, car, dfoptim, mgcv, statmod, rr2, semEff",NA,"GPL (>= 2)",NA,NA,NA,NA,"yes","4.0.2"
"lmom","lmom","/Library/Frameworks/R.framework/Versions/4.0/Resources/library","2.8",NA,"R (>= 3.0.0)","stats, graphics",NA,NA,NA,"Common Public License Version 1.0",NA,NA,NA,NA,"yes","4.0.2"
"lmtest","lmtest","/Library/Frameworks/R.framework/Versions/4.0/Resources/library","0.9-38",NA,"R (>= 3.0.0), stats, zoo","graphics",NA,"car, strucchange, sandwich, dynlm, stats4, survival, AER",NA,"GPL-2 | GPL-3",NA,NA,NA,NA,"yes","4.0.2"
"lubridate","lubridate","/Library/Frameworks/R.framework/Versions/4.0/Resources/library","1.7.10",NA,"methods, R (>= 3.2)","generics, Rcpp (>= 0.12.13)","Rcpp","covr, knitr, testthat (>= 2.1.0), vctrs (>= 0.3.0), rmarkdown","chron, timeDate, tis, zoo","GPL (>= 2)",NA,NA,NA,NA,"yes","4.0.2"
"magrittr","magrittr","/Library/Frameworks/R.framework/Versions/4.0/Resources/library","2.0.1",NA,NA,NA,NA,"covr, knitr, rlang, rmarkdown, testthat",NA,"MIT + file LICENSE",NA,NA,NA,NA,"yes","4.0.2"
"manipulateWidget","manipulateWidget","/Library/Frameworks/R.framework/Versions/4.0/Resources/library","0.11.0",NA,"R (>= 2.10)","shiny (>= 1.0.3), miniUI, htmltools, htmlwidgets, knitr,
methods, tools, base64enc, grDevices, codetools, webshot,
shinyjs",NA,"dygraphs, leaflet, plotly, xts, rmarkdown, testthat, covr",NA,"GPL (>= 2) | file LICENSE",NA,NA,NA,NA,"no","4.0.2"
"maps","maps","/Library/Frameworks/R.framework/Versions/4.0/Resources/library","3.3.0",NA,"R (>= 3.0.0)","graphics, utils",NA,"mapproj (>= 1.2-0), mapdata (>= 2.3.0), sp, maptools,
rnaturalearth",NA,"GPL-2",NA,NA,NA,NA,"yes","4.0.2"
"maptools","maptools","/Library/Frameworks/R.framework/Versions/4.0/Resources/library","1.1-1",NA,"R (>= 2.10), sp (>= 1.0-11)","foreign (>= 0.8), methods, grid, lattice, stats, utils,
grDevices",NA,"rgeos (>= 0.1-8), spatstat.geom (>= 1.65-0), PBSmapping,
maps, RColorBrewer, raster, polyclip, plotrix, spatstat.linnet
(>= 1.65-3), spatstat.utils (>= 1.19.0), spatstat (>= 2.0-0)","gpclib","GPL (>= 2)",NA,NA,NA,NA,"yes","4.0.2"
"markdown","markdown","/Library/Frameworks/R.framework/Versions/4.0/Resources/library","1.1",NA,"R (>= 2.11.1)","utils, xfun, mime (>= 0.3)",NA,"knitr, RCurl",NA,"GPL-2",NA,NA,NA,NA,"yes","4.0.2"
"mathjaxr","mathjaxr","/Library/Frameworks/R.framework/Versions/4.0/Resources/library","1.4-0",NA,NA,NA,NA,"js",NA,"GPL-3",NA,NA,NA,NA,"yes","4.0.2"
"matrixcalc","matrixcalc","/Library/Frameworks/R.framework/Versions/4.0/Resources/library","1.0-4",NA,"R (>= 2.0.1)",NA,NA,NA,NA,"GPL (>= 2)",NA,NA,NA,NA,"no","4.0.5"
"MatrixModels","MatrixModels","/Library/Frameworks/R.framework/Versions/4.0/Resources/library","0.5-0",NA,"R (>= 3.0.1)","stats, methods, Matrix (>= 1.1-5)",NA,NA,NA,"GPL (>= 2)",NA,NA,NA,NA,"no","4.0.2"
"matrixStats","matrixStats","/Library/Frameworks/R.framework/Versions/4.0/Resources/library","0.59.0",NA,"R (>= 2.12.0)",NA,NA,"base64enc, ggplot2, knitr, microbenchmark, R.devices, R.rsp",NA,"Artistic-2.0",NA,NA,NA,NA,"yes","4.0.2"
"MBESS","MBESS","/Library/Frameworks/R.framework/Versions/4.0/Resources/library","4.8.0",NA,"R (>= 3.5.0), stats","boot, gsl, lavaan, MASS, methods, mnormt, nlme, OpenMx,
parallel, sem, semTools",NA,NA,NA,"GPL-2 | GPL-3",NA,NA,NA,NA,"no","4.0.2"
"memoise","memoise","/Library/Frameworks/R.framework/Versions/4.0/Resources/library","2.0.0",NA,NA,"rlang (>= 0.4.10), cachem",NA,"digest, aws.s3, covr, googleAuthR, googleCloudStorageR, httr,
testthat",NA,"MIT + file LICENSE",NA,NA,NA,NA,"no","4.0.2"
"meta","meta","/Library/Frameworks/R.framework/Versions/4.0/Resources/library","4.18-2",NA,"R (>= 3.5.0)","metafor (>= 2.1-0), grid, lme4, CompQuadForm, xml2",NA,"BiasedUrn",NA,"GPL (>= 2)",NA,NA,NA,NA,"no","4.0.2"
"metafor","metafor","/Library/Frameworks/R.framework/Versions/4.0/Resources/library","3.0-2",NA,"R (>= 3.5.0), methods, Matrix","stats, utils, graphics, grDevices, nlme, mathjaxr, pbapply",NA,"lme4, numDeriv, minqa, nloptr, dfoptim, ucminf,
optimParallel, CompQuadForm, mvtnorm, BiasedUrn, Epi, survival,
GLMMadaptive, multcomp, gsl, sp, ape, boot, crayon, R.rsp,
testthat, rmarkdown",NA,"GPL (>= 2)",NA,NA,NA,NA,"no","4.0.2"
"mi","mi","/Library/Frameworks/R.framework/Versions/4.0/Resources/library","1.0",NA,"R (>= 3.0.0), methods, Matrix, stats4","arm (>= 1.4-11)",NA,"betareg, lattice, knitr, MASS, nnet, parallel, sn, survival,
truncnorm, foreign",NA,"GPL (>= 2)",NA,NA,NA,NA,"no","4.0.2"
"mime","mime","/Library/Frameworks/R.framework/Versions/4.0/Resources/library","0.11",NA,NA,"tools",NA,NA,NA,"GPL",NA,NA,NA,NA,"yes","4.0.2"
"miniUI","miniUI","/Library/Frameworks/R.framework/Versions/4.0/Resources/library","0.1.1.1",NA,NA,"shiny (>= 0.13), htmltools (>= 0.3), utils",NA,NA,NA,"GPL-3",NA,NA,NA,NA,"no","4.0.2"
"minqa","minqa","/Library/Frameworks/R.framework/Versions/4.0/Resources/library","1.2.4",NA,NA,"Rcpp (>= 0.9.10)","Rcpp",NA,NA,"GPL-2",NA,NA,NA,NA,"yes","4.0.2"
"misc3d","misc3d","/Library/Frameworks/R.framework/Versions/4.0/Resources/library","0.9-0",NA,NA,"grDevices, graphics, stats, tcltk",NA,"rgl, tkrplot, MASS",NA,"GPL",NA,NA,NA,NA,"no","4.0.2"
"MKdescr","MKdescr","/Library/Frameworks/R.framework/Versions/4.0/Resources/library","0.6",NA,"R(>= 3.5.0)","stats, graphics, ggplot2, scales",NA,"knitr, rmarkdown",NA,"LGPL-3",NA,NA,NA,NA,"no","4.0.2"
"MKinfer","MKinfer","/Library/Frameworks/R.framework/Versions/4.0/Resources/library","0.6",NA,"R(>= 3.5.0)","stats, MKdescr, boot, arrangements, nlme, ggplot2",NA,"knitr, rmarkdown, Amelia, exactRankTests",NA,"LGPL-3",NA,NA,NA,NA,"no","4.0.2"
"mnormt","mnormt","/Library/Frameworks/R.framework/Versions/4.0/Resources/library","2.0.2",NA,"R (>= 2.2.0)","tmvnsim (>= 1.0-2)",NA,NA,NA,"GPL-2 | GPL-3",NA,NA,NA,NA,"yes","4.0.2"
"modelr","modelr","/Library/Frameworks/R.framework/Versions/4.0/Resources/library","0.1.8",NA,"R (>= 3.2)","broom, magrittr, purrr (>= 0.2.2), rlang (>= 0.2.0), tibble,
tidyr (>= 0.8.0), tidyselect, vctrs",NA,"compiler, covr, ggplot2, testthat",NA,"GPL-3",NA,NA,NA,NA,"no","4.0.2"
"modeltools","modeltools","/Library/Frameworks/R.framework/Versions/4.0/Resources/library","0.2-23",NA,"stats, stats4","methods",NA,NA,NA,"GPL-2",NA,NA,NA,NA,"no","4.0.2"
"multcomp","multcomp","/Library/Frameworks/R.framework/Versions/4.0/Resources/library","1.4-17",NA,"stats, graphics, mvtnorm (>= 1.0-10), survival (>= 2.39-4),
TH.data (>= 1.0-2)","sandwich (>= 2.3-0), codetools",NA,"lme4 (>= 0.999375-16), nlme, robustbase, coin, MASS, foreign,
xtable, lmtest, coxme (>= 2.2-1), SimComp, ISwR, tram (>=
0.2-5)",NA,"GPL-2",NA,NA,NA,NA,"no","4.0.2"
"multcompView","multcompView","/Library/Frameworks/R.framework/Versions/4.0/Resources/library","0.1-8",NA,NA,"grid",NA,"multcomp, pgirmess, MASS",NA,"GPL",NA,NA,NA,NA,"no","4.0.2"
"MuMIn","MuMIn","/Library/Frameworks/R.framework/Versions/4.0/Resources/library","1.43.17",NA,"R (>= 3.5.0)","graphics, methods, Matrix, stats, stats4, nlme",NA,"lme4 (>= 1.1.0), mgcv (>= 1.7.5), gamm4, MASS, nnet, survival
(>= 3.1.0), geepack","aod, aods3, betareg, caper, coxme, cplm, gee, glmmML,
logistf, MCMCglmm, ordinal, pscl, spdep, spatialreg, splm,
unmarked (>= 0.12.2), geeM (>= 0.7.5), gamlss","GPL-2",NA,NA,NA,NA,"no","4.0.2"
"munsell","munsell","/Library/Frameworks/R.framework/Versions/4.0/Resources/library","0.5.0",NA,NA,"colorspace, methods",NA,"ggplot2, testthat",NA,"MIT + file LICENSE",NA,NA,NA,NA,"no","4.0.2"
"mvtnorm","mvtnorm","/Library/Frameworks/R.framework/Versions/4.0/Resources/library","1.1-2",NA,"R(>= 3.5.0)","stats, methods",NA,NA,NA,"GPL-2",NA,NA,NA,NA,"yes","4.0.2"
"natserv","natserv","/Library/Frameworks/R.framework/Versions/4.0/Resources/library","1.0.0",NA,"R(>= 3.2.1)","crul (>= 0.7.0), jsonlite, tibble",NA,"testthat, knitr, vcr",NA,"MIT + file LICENSE",NA,NA,NA,NA,"no","4.0.2"
"nloptr","nloptr","/Library/Frameworks/R.framework/Versions/4.0/Resources/library","1.2.2.2",NA,NA,NA,NA,"testthat (>= 0.8.1), knitr, rmarkdown, inline (>= 0.3.14)",NA,"LGPL-3",NA,NA,NA,NA,"yes","4.0.2"
"nortest","nortest","/Library/Frameworks/R.framework/Versions/4.0/Resources/library","1.0-4",NA,NA,"stats",NA,NA,NA,"GPL (>= 2)",NA,NA,NA,NA,"no","4.0.2"
"numDeriv","numDeriv","/Library/Frameworks/R.framework/Versions/4.0/Resources/library","2016.8-1.1",NA,"R (>= 2.11.1)",NA,NA,NA,NA,"GPL-2",NA,NA,NA,NA,"no","4.0.2"
"oai","oai","/Library/Frameworks/R.framework/Versions/4.0/Resources/library","0.3.2",NA,NA,"xml2 (>= 1.0.0), httr (>= 1.2.0), plyr (>= 1.8.4), stringr (>=
1.1.0), tibble (>= 1.2)",NA,"DBI, knitr, RSQLite, testthat, markdown",NA,"MIT + file LICENSE",NA,NA,NA,NA,"no","4.0.2"
"OpenMx","OpenMx","/Library/Frameworks/R.framework/Versions/4.0/Resources/library","2.19.6",NA,"R (>= 3.5.0)","digest, MASS, Matrix, methods, Rcpp, RcppParallel, parallel,
lifecycle","Rcpp, RcppEigen, RcppParallel, StanHeaders (>= 2.10.0.2), BH
(>= 1.69.0-1), rpf (>= 0.45)","mvtnorm, numDeriv, roxygen2 (>= 6.1), rpf (>= 0.45),
snowfall, lme4, covr, testthat, umx, ifaTools",NA,"Apache License (== 2.0)",NA,NA,NA,NA,"yes","4.0.2"
"openssl","openssl","/Library/Frameworks/R.framework/Versions/4.0/Resources/library","1.4.4",NA,NA,"askpass",NA,"testthat (>= 2.1.0), digest, knitr, rmarkdown, jsonlite,
jose, sodium",NA,"MIT + file LICENSE",NA,NA,NA,NA,"yes","4.0.2"
"openxlsx","openxlsx","/Library/Frameworks/R.framework/Versions/4.0/Resources/library","4.2.4",NA,"R (>= 3.3.0)","grDevices, methods, Rcpp, stats, utils, zip, stringi","Rcpp","knitr, testthat, roxygen2, rmarkdown",NA,"MIT + file LICENSE",NA,NA,NA,NA,"yes","4.0.2"
"packrat","packrat","/Library/Frameworks/R.framework/Versions/4.0/Resources/library","0.6.0",NA,"R (>= 3.0.0)","tools, utils",NA,"testthat (>= 0.7), devtools, httr, knitr, rmarkdown",NA,"GPL-2",NA,NA,NA,NA,"no","4.0.2"
"pbapply","pbapply","/Library/Frameworks/R.framework/Versions/4.0/Resources/library","1.4-3",NA,"R (>= 3.2.0)","parallel",NA,NA,NA,"GPL-2",NA,NA,NA,NA,"no","4.0.2"
"pbivnorm","pbivnorm","/Library/Frameworks/R.framework/Versions/4.0/Resources/library","0.6.0",NA,NA,NA,NA,NA,NA,"GPL (>= 2)",NA,NA,NA,NA,"yes","4.0.2"
"pbkrtest","pbkrtest","/Library/Frameworks/R.framework/Versions/4.0/Resources/library","0.5.1",NA,"R (>= 3.5.0), lme4 (>= 1.1.10)","broom, dplyr, magrittr, MASS, Matrix (>= 1.2.3), methods,
numDeriv, parallel, knitr",NA,NA,NA,"GPL (>= 2)",NA,NA,NA,NA,"no","4.0.2"
"performance","performance","/Library/Frameworks/R.framework/Versions/4.0/Resources/library","0.7.2",NA,"R (>= 3.4)","bayestestR (>= 0.9.0), insight (>= 0.14.0), stats, utils",NA,"AER, afex, BayesFactor, betareg, bigutilsr, brms, car,
CompQuadForm, correlation, cplm, dbscan, fixest, forecast,
gamm4, ggplot2, glmmTMB, gridExtra, ICS, ICSOutlier, ISLR,
lavaan, lme4, lmtest, loo, magrittr, MASS, Matrix, metafor,
mgcv, mlogit, nlme, nonnest2, ordinal, parallel, parameters,
pscl, psych, randomForest, rmarkdown, rstanarm, rstantools,
sandwich, see, spelling, survey, survival, testthat, tweedie,
VGAM",NA,"GPL-3",NA,NA,NA,NA,"no","4.0.2"
"permute","permute","/Library/Frameworks/R.framework/Versions/4.0/Resources/library","0.9-5",NA,"R (>= 2.14.0)","stats",NA,"vegan (>= 2.0-0), testthat (>= 0.5), parallel",NA,"GPL-2",NA,NA,NA,NA,"no","4.0.2"
"phangorn","phangorn","/Library/Frameworks/R.framework/Versions/4.0/Resources/library","2.7.0",NA,"ape (>= 5.5), R (>= 3.6.0)","fastmatch, graphics, grDevices, igraph (>= 1.0), magrittr,
Matrix, methods, parallel, quadprog, Rcpp (>= 1.0.4), stats,
utils","Rcpp","Biostrings, knitr, magick, prettydoc, rgl, rmarkdown, seqinr,
seqLogo, tinytest, xtable",NA,"GPL (>= 2)",NA,NA,NA,NA,"yes","4.0.2"
"pillar","pillar","/Library/Frameworks/R.framework/Versions/4.0/Resources/library","1.6.1",NA,NA,"cli, crayon (>= 1.3.4), ellipsis (>= 0.3.2), fansi, lifecycle,
rlang (>= 0.3.0), utf8 (>= 1.1.0), utils, vctrs (>= 0.3.8)",NA,"bit64, debugme, DiagrammeR, dplyr, formattable, ggplot2,
knitr, lubridate, nycflights13, palmerpenguins, rmarkdown,
scales, stringi, survival, testthat (>= 3.0.2), tibble, units,
withr",NA,"MIT + file LICENSE",NA,NA,NA,NA,"no","4.0.2"
"pixmap","pixmap","/Library/Frameworks/R.framework/Versions/4.0/Resources/library","0.4-12",NA,NA,"methods, graphics, grDevices",NA,NA,NA,"GPL-2",NA,NA,NA,NA,"no","4.0.2"
"pkgbuild","pkgbuild","/Library/Frameworks/R.framework/Versions/4.0/Resources/library","1.2.0",NA,"R (>= 3.1)","callr (>= 3.2.0), cli, crayon, desc, prettyunits, R6,
rprojroot, withr (>= 2.1.2)",NA,"Rcpp, cpp11, testthat, covr",NA,"MIT + file LICENSE",NA,NA,NA,NA,"no","4.0.2"
"pkgconfig","pkgconfig","/Library/Frameworks/R.framework/Versions/4.0/Resources/library","2.0.3",NA,NA,"utils",NA,"covr, testthat, disposables (>= 1.0.3)",NA,"MIT + file LICENSE",NA,NA,NA,NA,"no","4.0.2"
"pkgload","pkgload","/Library/Frameworks/R.framework/Versions/4.0/Resources/library","1.2.1",NA,NA,"cli, crayon, desc, methods, rlang, rprojroot, rstudioapi,
utils, withr",NA,"bitops, covr, pkgbuild, Rcpp, testthat",NA,"GPL-3",NA,NA,NA,NA,"yes","4.0.2"
"plot3D","plot3D","/Library/Frameworks/R.framework/Versions/4.0/Resources/library","1.4",NA,"R (>= 2.15)","misc3d, stats, graphics, grDevices, methods",NA,NA,NA,"GPL (>= 3.0)",NA,NA,NA,NA,"no","4.0.2"
"plot3Drgl","plot3Drgl","/Library/Frameworks/R.framework/Versions/4.0/Resources/library","1.0.2",NA,"rgl, plot3D, R (>= 3.2.3)","grDevices",NA,NA,NA,"GPL (>= 3.0)",NA,NA,NA,NA,"no","4.0.2"
"plotrix","plotrix","/Library/Frameworks/R.framework/Versions/4.0/Resources/library","3.8-1",NA,"R (>= 3.5.0)","grDevices, graphics, stats, utils",NA,NA,NA,"GPL (>= 2)",NA,NA,NA,NA,"no","4.0.2"
"plyr","plyr","/Library/Frameworks/R.framework/Versions/4.0/Resources/library","1.8.6",NA,"R (>= 3.1.0)","Rcpp (>= 0.11.0)","Rcpp","abind, covr, doParallel, foreach, iterators, itertools,
tcltk, testthat",NA,"MIT + file LICENSE",NA,NA,NA,NA,"yes","4.0.2"
"png","png","/Library/Frameworks/R.framework/Versions/4.0/Resources/library","0.1-7",NA,"R (>= 2.9.0)",NA,NA,NA,NA,"GPL-2 | GPL-3",NA,NA,NA,NA,"yes","4.0.2"
"polyclip","polyclip","/Library/Frameworks/R.framework/Versions/4.0/Resources/library","1.10-0",NA,"R (>= 3.0.0)",NA,NA,NA,NA,"BSL",NA,NA,NA,NA,"yes","4.0.2"
"polynom","polynom","/Library/Frameworks/R.framework/Versions/4.0/Resources/library","1.4-0",NA,NA,"stats, graphics",NA,"knitr, rmarkdown",NA,"GPL-2",NA,NA,NA,NA,"no","4.0.2"
"praise","praise","/Library/Frameworks/R.framework/Versions/4.0/Resources/library","1.0.0",NA,NA,NA,NA,"testthat",NA,"MIT + file LICENSE",NA,NA,NA,NA,"no","4.0.2"
"prettyunits","prettyunits","/Library/Frameworks/R.framework/Versions/4.0/Resources/library","1.1.1",NA,NA,NA,NA,"codetools, covr, testthat",NA,"MIT + file LICENSE",NA,NA,NA,NA,"no","4.0.2"
"PRISMAstatement","PRISMAstatement","/Library/Frameworks/R.framework/Versions/4.0/Resources/library","1.1.1",NA,NA,"DiagrammeR",NA,"DiagrammeRsvg, knitr, rmarkdown, rsvg, scales, testthat,
utils",NA,"GPL-3",NA,NA,NA,NA,"no","4.0.2"
"processx","processx","/Library/Frameworks/R.framework/Versions/4.0/Resources/library","3.5.2",NA,NA,"ps (>= 1.2.0), R6, utils",NA,"callr (>= 3.2.0), cli, codetools, covr, curl, debugme,
parallel, testthat, withr",NA,"MIT + file LICENSE",NA,NA,NA,NA,"yes","4.0.2"
"progress","progress","/Library/Frameworks/R.framework/Versions/4.0/Resources/library","1.2.2",NA,NA,"hms, prettyunits, R6, crayon",NA,"Rcpp, testthat, withr",NA,"MIT + file LICENSE",NA,NA,NA,NA,"no","4.0.2"
"promises","promises","/Library/Frameworks/R.framework/Versions/4.0/Resources/library","1.2.0.1",NA,NA,"R6, Rcpp, later, rlang, stats, magrittr","later, Rcpp","testthat, future (>= 1.21.0), fastmap (>= 1.1.0), purrr,
knitr, rmarkdown, vembedr, spelling",NA,"MIT + file LICENSE",NA,NA,NA,NA,"yes","4.0.2"
"proxy","proxy","/Library/Frameworks/R.framework/Versions/4.0/Resources/library","0.4-26",NA,"R (>= 3.4.0)","stats, utils",NA,"cba",NA,"GPL-2",NA,NA,NA,NA,"yes","4.0.2"
"ps","ps","/Library/Frameworks/R.framework/Versions/4.0/Resources/library","1.6.0",NA,"R (>= 3.1)","utils",NA,"callr, covr, curl, pingr, processx (>= 3.1.0), R6, rlang,
testthat, tibble",NA,"MIT + file LICENSE",NA,NA,NA,NA,"yes","4.0.2"
"purrr","purrr","/Library/Frameworks/R.framework/Versions/4.0/Resources/library","0.3.4",NA,"R (>= 3.2)","magrittr (>= 1.5), rlang (>= 0.3.1)",NA,"covr, crayon, dplyr (>= 0.7.8), knitr, rmarkdown, testthat,
tibble, tidyselect",NA,"GPL-3 | file LICENSE",NA,NA,NA,NA,"yes","4.0.2"
"purrrlyr","purrrlyr","/Library/Frameworks/R.framework/Versions/4.0/Resources/library","0.0.7",NA,NA,"dplyr (>= 0.8.0), magrittr (>= 1.5), purrr (>= 0.2.2), Rcpp","BH, Rcpp","covr, testthat (>= 3.0.0)",NA,"GPL-3 | file LICENSE",NA,NA,NA,NA,"yes","4.0.2"
"qap","qap","/Library/Frameworks/R.framework/Versions/4.0/Resources/library","0.1-1",NA,NA,NA,NA,"testthat",NA,"GPL-3",NA,NA,NA,NA,"yes","4.0.2"
"quadprog","quadprog","/Library/Frameworks/R.framework/Versions/4.0/Resources/library","1.5-8",NA,"R (>= 3.1.0)",NA,NA,NA,NA,"GPL (>= 2)",NA,NA,NA,NA,"yes","4.0.2"
"quantreg","quantreg","/Library/Frameworks/R.framework/Versions/4.0/Resources/library","5.86",NA,"R (>= 2.6), stats, SparseM","methods, graphics, Matrix, MatrixModels, conquer",NA,"tripack, akima, MASS, survival, rgl, logspline, nor1mix,
Formula, zoo, R.rsp",NA,"GPL (>= 2)",NA,NA,NA,NA,"yes","4.0.2"
"R6","R6","/Library/Frameworks/R.framework/Versions/4.0/Resources/library","2.5.0",NA,"R (>= 3.0)",NA,NA,"knitr, microbenchmark, pryr, testthat, ggplot2, scales",NA,"MIT + file LICENSE",NA,NA,NA,NA,"no","4.0.2"
"randomForest","randomForest","/Library/Frameworks/R.framework/Versions/4.0/Resources/library","4.6-14",NA,"R (>= 3.2.2), stats",NA,NA,"RColorBrewer, MASS",NA,"GPL (>= 2)",NA,NA,NA,NA,"yes","4.0.2"
"rappdirs","rappdirs","/Library/Frameworks/R.framework/Versions/4.0/Resources/library","0.3.3",NA,"R (>= 3.2)",NA,NA,"roxygen2, testthat (>= 3.0.0), covr, withr",NA,"MIT + file LICENSE",NA,NA,NA,NA,"yes","4.0.2"
"raster","raster","/Library/Frameworks/R.framework/Versions/4.0/Resources/library","3.4-13",NA,"sp (>= 1.4.1), R (>= 3.5.0)","Rcpp, methods","Rcpp","rgdal (>= 1.5-8), rgeos (>= 0.3-8), ncdf4, igraph, tcltk,
parallel, rasterVis, MASS, sf, tinytest, gstat, fields,
exactextractr",NA,"GPL (>= 3)",NA,NA,NA,NA,"yes","4.0.2"
"ratelimitr","ratelimitr","/Library/Frameworks/R.framework/Versions/4.0/Resources/library","0.4.1",NA,NA,"assertthat",NA,"testthat, microbenchmark, knitr, rmarkdown, covr",NA,"MIT + file LICENSE",NA,NA,NA,NA,"no","4.0.2"
"rcmdcheck","rcmdcheck","/Library/Frameworks/R.framework/Versions/4.0/Resources/library","1.3.3",NA,NA,"callr (>= 3.1.1.9000), cli (>= 1.1.0), crayon, desc (>=
1.2.0), digest, pkgbuild, prettyunits, R6, rprojroot,
sessioninfo (>= 1.1.1), utils, withr, xopen",NA,"covr, knitr, mockery, rmarkdown, testthat",NA,"MIT + file LICENSE",NA,NA,NA,NA,"no","4.0.2"
"RColorBrewer","RColorBrewer","/Library/Frameworks/R.framework/Versions/4.0/Resources/library","1.1-2",NA,"R (>= 2.0.0)",NA,NA,NA,NA,"Apache License 2.0",NA,NA,NA,NA,"no","4.0.2"
"rcompanion","rcompanion","/Library/Frameworks/R.framework/Versions/4.0/Resources/library","2.4.1",NA,"R (>= 3.3.0)","stats (>= 3.3.0), graphics (>= 3.3.0), boot (>= 1.3-18),
DescTools (>= 0.99.17), multcompView (>= 0.1-7), plyr (>=
1.8.4), coin (>= 1.1-2), lmtest (>= 0.9-34), nortest (>= 1.0-4)",NA,"FSA (>= 0.8.9)",NA,"GPL-3",NA,NA,NA,NA,"no","4.0.2"
"Rcpp","Rcpp","/Library/Frameworks/R.framework/Versions/4.0/Resources/library","1.0.7",NA,NA,"methods, utils",NA,"tinytest, inline, rbenchmark, pkgKitten (>= 0.1.2)",NA,"GPL (>= 2)",NA,NA,NA,NA,"yes","4.0.5"
"RcppArmadillo","RcppArmadillo","/Library/Frameworks/R.framework/Versions/4.0/Resources/library","0.10.5.0.0",NA,"R (>= 3.3.0)","Rcpp (>= 0.11.0), stats, utils, methods","Rcpp","tinytest, Matrix (>= 1.3.0), pkgKitten, reticulate, slam",NA,"GPL (>= 2)",NA,NA,NA,NA,"yes","4.0.2"
"RcppEigen","RcppEigen","/Library/Frameworks/R.framework/Versions/4.0/Resources/library","0.3.3.9.1",NA,NA,"Matrix (>= 1.1-0), Rcpp (>= 0.11.0), stats, utils","Rcpp","inline, tinytest, pkgKitten, microbenchmark",NA,"GPL (>= 2) | file LICENSE",NA,NA,NA,NA,"yes","4.0.2"
"RcppParallel","RcppParallel","/Library/Frameworks/R.framework/Versions/4.0/Resources/library","5.1.4",NA,"R (>= 3.0.2)",NA,NA,"Rcpp, RUnit, knitr, rmarkdown",NA,"GPL (>= 2)",NA,NA,NA,NA,"yes","4.0.2"
"readr","readr","/Library/Frameworks/R.framework/Versions/4.0/Resources/library","1.4.0",NA,"R (>= 3.1)","cli, clipr, crayon, hms (>= 0.4.1), methods, rlang, R6,
tibble, utils, lifecycle","BH, cpp11","covr, curl, dplyr, knitr, rmarkdown, spelling, stringi,
testthat, xml2",NA,"GPL (>= 2) | file LICENSE",NA,NA,NA,NA,"yes","4.0.2"
"readxl","readxl","/Library/Frameworks/R.framework/Versions/4.0/Resources/library","1.3.1",NA,NA,"cellranger, Rcpp (>= 0.12.18), tibble (>= 1.3.1), utils","progress, Rcpp","covr, knitr, rmarkdown, rprojroot (>= 1.1), testthat",NA,"GPL-3",NA,NA,NA,NA,"yes","4.0.2"
"registry","registry","/Library/Frameworks/R.framework/Versions/4.0/Resources/library","0.5-1",NA,"R (>= 2.6.0)","utils",NA,NA,NA,"GPL-2",NA,NA,NA,NA,"no","4.0.2"
"rematch","rematch","/Library/Frameworks/R.framework/Versions/4.0/Resources/library","1.0.1",NA,NA,NA,NA,"covr, testthat",NA,"MIT + file LICENSE",NA,NA,NA,NA,"no","4.0.2"
"rematch2","rematch2","/Library/Frameworks/R.framework/Versions/4.0/Resources/library","2.1.2",NA,NA,"tibble",NA,"covr, testthat",NA,"MIT + file LICENSE",NA,NA,NA,NA,"no","4.0.2"
"remotes","remotes","/Library/Frameworks/R.framework/Versions/4.0/Resources/library","2.4.0",NA,"R (>= 3.0.0)","methods, stats, tools, utils",NA,"brew, callr, codetools, curl, covr, git2r (>= 0.23.0), knitr,
mockery, pkgbuild (>= 1.0.1), pingr, rmarkdown, rprojroot,
testthat, webfakes, withr",NA,"MIT + file LICENSE",NA,NA,NA,NA,"no","4.0.2"
"rentrez","rentrez","/Library/Frameworks/R.framework/Versions/4.0/Resources/library","1.2.3",NA,"R (>= 2.6.0)","XML, httr (>= 0.5), jsonlite (>= 0.9)",NA,"testthat, knitr, rmarkdown",NA,"MIT + file LICENSE",NA,NA,NA,NA,"no","4.0.2"
"repr","repr","/Library/Frameworks/R.framework/Versions/4.0/Resources/library","1.1.3",NA,"R (>= 3.0.1)","utils, grDevices, htmltools, jsonlite, pillar (>= 1.4.0),
base64enc",NA,"methods, highr, Cairo, stringr, testthat (>= 3.0.0), leaflet","data.table, tibble, htmlwidgets, vegalite, plotly, geojsonio","GPL-3",NA,NA,NA,NA,"no","4.0.2"
"reprex","reprex","/Library/Frameworks/R.framework/Versions/4.0/Resources/library","2.0.0",NA,"R (>= 3.3)","callr (>= 3.6.0), cli (>= 2.3.1), clipr (>= 0.4.0), fs, glue,
knitr (>= 1.23), rlang (>= 0.4.0), rmarkdown, rstudioapi,
utils, withr (>= 2.3.0)",NA,"covr, fortunes, miniUI, mockr, rprojroot, sessioninfo, shiny,
spelling, styler (>= 1.2.0), testthat (>= 3.0.2)",NA,"MIT + file LICENSE",NA,NA,NA,NA,"no","4.0.2"
"reshape","reshape","/Library/Frameworks/R.framework/Versions/4.0/Resources/library","0.8.8",NA,"R (>= 2.6.1)","plyr",NA,NA,NA,"MIT + file LICENSE",NA,NA,NA,NA,"yes","4.0.2"
"rex","rex","/Library/Frameworks/R.framework/Versions/4.0/Resources/library","1.2.0",NA,NA,"lazyeval",NA,"testthat, knitr, rmarkdown, dplyr, ggplot2, magrittr, Hmisc,
stringr, rvest, roxygen2, covr",NA,"MIT + file LICENSE",NA,NA,NA,NA,"no","4.0.2"
"rgbif","rgbif","/Library/Frameworks/R.framework/Versions/4.0/Resources/library","3.6.0",NA,NA,"xml2, ggplot2, crul (>= 0.7.4), data.table, whisker, magrittr,
jsonlite (>= 1.6), oai (>= 0.2.2), tibble, wellknown (>=
0.7.2), lazyeval, R6, conditionz",NA,"testthat, sp, rgeos, png, raster, protolite (>= 2.0), sf,
randgeo, vcr (>= 0.5.0)",NA,"MIT + file LICENSE",NA,NA,NA,NA,"no","4.0.2"
"rgdal","rgdal","/Library/Frameworks/R.framework/Versions/4.0/Resources/library","1.5-25",NA,"R (>= 3.5.0), methods, sp (>= 1.1-0)","grDevices, graphics, stats, utils","sp","knitr, DBI, RSQLite, maptools, mapview, rmarkdown, curl,
rgeos",NA,"GPL (>= 2)",NA,NA,NA,NA,"yes","4.0.5"
"rgeos","rgeos","/Library/Frameworks/R.framework/Versions/4.0/Resources/library","0.5-7",NA,"R (>= 3.3.0), methods, sp (>= 1.1-0)","utils, stats, graphics","sp","maptools (>= 0.8-5), testthat, XML, maps, rgdal",NA,"GPL (>= 2)",NA,NA,NA,NA,"yes","4.0.5"
"rgl","rgl","/Library/Frameworks/R.framework/Versions/4.0/Resources/library","0.106.8",NA,"R (>= 3.3.0)","graphics, grDevices, stats, utils, htmlwidgets, htmltools,
knitr, jsonlite (>= 0.9.20), shiny, magrittr, crosstalk,
manipulateWidget (>= 0.9.0)",NA,"MASS, rmarkdown, deldir, orientlib, lattice, misc3d,
rstudioapi, magick, plotrix (>= 3.7-3), tripack, interp,
alphashape3d, tcltk, js (>= 1.2), akima, webshot2, downlit,
pkgdown, extrafont","waldo","GPL",NA,NA,NA,NA,"yes","4.0.2"
"RgoogleMaps","RgoogleMaps","/Library/Frameworks/R.framework/Versions/4.0/Resources/library","1.4.5.3",NA,"R (>= 2.10)","graphics, stats, utils, grDevices, methods, png,sp",NA,"PBSmapping, maptools, loa, RColorBrewer, leaflet,jpeg, RCurl",NA,"GPL",NA,NA,NA,NA,"no","4.0.2"
"rio","rio","/Library/Frameworks/R.framework/Versions/4.0/Resources/library","0.5.27",NA,"R (>= 2.15.0)","tools, stats, utils, foreign, haven (>= 1.1.2), curl (>= 0.6),
data.table (>= 1.9.8), readxl (>= 0.1.1), openxlsx, tibble",NA,"datasets, bit64, testthat, knitr, magrittr, arrow, clipr,
feather, fst, hexView, jsonlite, pzfx, readODS (>= 1.6.4),
readr, rmarkdown, rmatio, xml2 (>= 1.2.0), yaml",NA,"GPL-2",NA,NA,NA,NA,"no","4.0.2"
"ritis","ritis","/Library/Frameworks/R.framework/Versions/4.0/Resources/library","1.0.0",NA,NA,"solrium (>= 1.1.4), crul (>= 0.9.0), jsonlite, data.table,
tibble",NA,"testthat, webmockr, vcr (>= 0.5.4)",NA,"MIT + file LICENSE",NA,NA,NA,NA,"no","4.0.2"
"rjson","rjson","/Library/Frameworks/R.framework/Versions/4.0/Resources/library","0.2.20",NA,"R (>= 3.1.0)",NA,NA,NA,NA,"GPL-2",NA,NA,NA,NA,"yes","4.0.2"
"rlang","rlang","/Library/Frameworks/R.framework/Versions/4.0/Resources/library","0.4.11",NA,"R (>= 3.3.0)","utils",NA,"cli, covr, crayon, glue, magrittr, methods, pak, pillar,
rmarkdown, testthat (>= 3.0.0), vctrs (>= 0.2.3), withr","winch","MIT + file LICENSE",NA,NA,NA,NA,"yes","4.0.2"
"RLRsim","RLRsim","/Library/Frameworks/R.framework/Versions/4.0/Resources/library","3.1-6",NA,"R (>= 2.14.0)","Rcpp (>= 0.11.1), lme4 (>= 1.1), mgcv, nlme","Rcpp",NA,"SemiPar, lmerTest","GPL",NA,NA,NA,NA,"yes","4.0.2"
"rmarkdown","rmarkdown","/Library/Frameworks/R.framework/Versions/4.0/Resources/library","2.9",NA,"R (>= 3.0)","tools, utils, knitr (>= 1.22), yaml (>= 2.1.19), htmltools (>=
0.3.5), evaluate (>= 0.13), jsonlite, tinytex (>= 0.31), xfun
(>= 0.21), methods, stringr (>= 1.2.0)",NA,"shiny (>= 1.6.0), tufte, testthat (>= 3.0.0), digest,
dygraphs, vctrs, tibble, fs, rsconnect, withr (>= 2.4.2), bslib
(>= 0.2.5.1), sass (>= 0.4.0)",NA,"GPL-3",NA,NA,NA,NA,"no","4.0.2"
"rncl","rncl","/Library/Frameworks/R.framework/Versions/4.0/Resources/library","0.8.4",NA,"R (>= 3.1.1)","Rcpp (>= 0.11.0), progress (>= 1.1.2), stats","Rcpp, progress","testthat, ape",NA,"BSD_2_clause + file LICENSE",NA,NA,NA,NA,"yes","4.0.2"
"rootSolve","rootSolve","/Library/Frameworks/R.framework/Versions/4.0/Resources/library","1.8.2.2",NA,"R (>= 2.01)","stats, graphics, grDevices",NA,NA,NA,"GPL (>= 2)",NA,NA,NA,NA,"yes","4.0.2"
"rotl","rotl","/Library/Frameworks/R.framework/Versions/4.0/Resources/library","3.0.11",NA,"R (>= 3.1.1)","ape, assertthat (>= 0.1), httr, jsonlite, rentrez, rncl (>=
0.6.0)",NA,"fulltext (>= 0.1.6), knitr (>= 1.12), MCMCglmm, phylobase,
readxl, rmarkdown (>= 0.7), RNeXML, testthat",NA,"BSD_2_clause + file LICENSE",NA,NA,NA,NA,"no","4.0.2"
"roxygen2","roxygen2","/Library/Frameworks/R.framework/Versions/4.0/Resources/library","7.1.1",NA,"R (>= 3.2)","brew, commonmark, desc (>= 1.2.0), digest, knitr, methods,
pkgload (>= 1.0.2), purrr (>= 0.3.3), R6 (>= 2.1.2), Rcpp (>=
0.11.0), rlang, stringi, stringr (>= 1.0.0), utils, xml2","Rcpp","covr, devtools, rmarkdown, testthat (>= 2.1.0), R.methodsS3,
R.oo",NA,"GPL (>= 2)",NA,NA,NA,NA,"yes","4.0.2"
"rpart.plot","rpart.plot","/Library/Frameworks/R.framework/Versions/4.0/Resources/library","3.0.9",NA,"R (>= 3.4.0), rpart (>= 4.1-15)",NA,NA,"earth (>= 5.1.2)",NA,"GPL-3",NA,NA,NA,NA,"no","4.0.2"
"rpf","rpf","/Library/Frameworks/R.framework/Versions/4.0/Resources/library","1.0.7",NA,"methods, parallel, R (>= 2.14.0)","Rcpp (>= 1.0.2), mvtnorm, lifecycle","Rcpp, RcppEigen","testthat, roxygen2, ggplot2, reshape2, gridExtra, numDeriv,
knitr, mirt, markdown",NA,"GPL (>= 3)",NA,NA,NA,NA,"yes","4.0.2"
"rprojroot","rprojroot","/Library/Frameworks/R.framework/Versions/4.0/Resources/library","2.0.2",NA,"R (>= 3.0.0)",NA,NA,"covr, knitr, lifecycle, mockr, rmarkdown, testthat (>=
3.0.0), withr",NA,"MIT + file LICENSE",NA,NA,NA,NA,"no","4.0.2"
"rredlist","rredlist","/Library/Frameworks/R.framework/Versions/4.0/Resources/library","0.7.0",NA,NA,"crul (>= 0.3.8), jsonlite (>= 1.1)",NA,"testthat, vcr (>= 0.4.0)",NA,"MIT + file LICENSE",NA,NA,NA,NA,"no","4.0.2"
"rsconnect","rsconnect","/Library/Frameworks/R.framework/Versions/4.0/Resources/library","0.8.18",NA,"R (>= 3.0.0)","curl, digest, jsonlite, openssl, packrat (>= 0.6), rstudioapi
(>= 0.5), yaml (>= 2.1.5)",NA,"RCurl, callr, httpuv, knitr, plumber (>= 0.3.2), reticulate,
rmarkdown (>= 1.1), shiny, sourcetools, testthat, xtable",NA,"GPL-2",NA,NA,NA,NA,"no","4.0.2"
"rsm","rsm","/Library/Frameworks/R.framework/Versions/4.0/Resources/library","2.10.2",NA,NA,"estimability",NA,"emmeans (> 1.3.5.1), Vdgraph, conf.design, DoE.base, FrF2",NA,"GPL (>= 2)",NA,NA,NA,NA,"no","4.0.2"
"rstatix","rstatix","/Library/Frameworks/R.framework/Versions/4.0/Resources/library","0.7.0",NA,"R (>= 3.3.0)","stats, utils, tidyr (>= 1.0.0), purrr, broom (>= 0.7.4), rlang
(>= 0.3.1), tibble (>= 2.1.3), dplyr (>= 0.7.1), magrittr,
corrplot, tidyselect (>= 1.0.0), car, generics (>= 0.0.2)",NA,"knitr, rmarkdown, ggpubr, graphics, emmeans, coin, boot,
testthat, spelling",NA,"GPL-2",NA,NA,NA,NA,"no","4.0.2"
"rstudioapi","rstudioapi","/Library/Frameworks/R.framework/Versions/4.0/Resources/library","0.13",NA,NA,NA,NA,"testthat, knitr, rmarkdown, clipr",NA,"MIT + file LICENSE",NA,NA,NA,NA,"no","4.0.2"
"rversions","rversions","/Library/Frameworks/R.framework/Versions/4.0/Resources/library","2.1.1",NA,NA,"curl, utils, xml2 (>= 1.0.0)",NA,"mockery, testthat",NA,"MIT + file LICENSE",NA,NA,NA,NA,"no","4.0.2"
"rvest","rvest","/Library/Frameworks/R.framework/Versions/4.0/Resources/library","1.0.0",NA,"R (>= 3.2)","httr (>= 0.5), lifecycle (>= 1.0.0), magrittr, rlang (>=
0.4.10), selectr, tibble, xml2 (>= 1.3)",NA,"covr, glue, knitr, readr, rmarkdown, repurrrsive, spelling,
stringi (>= 0.3.1), testthat (>= 3.0.2), webfakes",NA,"MIT + file LICENSE",NA,NA,NA,NA,"no","4.0.2"
"s2","s2","/Library/Frameworks/R.framework/Versions/4.0/Resources/library","1.0.6",NA,"R (>= 3.0.0)","Rcpp, wk","Rcpp, wk","testthat, vctrs",NA,"Apache License (== 2.0)",NA,NA,NA,NA,"yes","4.0.2"
"sandwich","sandwich","/Library/Frameworks/R.framework/Versions/4.0/Resources/library","3.0-1",NA,"R (>= 3.0.0)","stats, utils, zoo",NA,"AER, car, geepack, lattice, lmtest, MASS, multiwayvcov,
parallel, pcse, plm, pscl, scatterplot3d, stats4, strucchange,
survival",NA,"GPL-2 | GPL-3",NA,NA,NA,NA,"no","4.0.2"
"sass","sass","/Library/Frameworks/R.framework/Versions/4.0/Resources/library","0.4.0",NA,NA,"fs, rlang (>= 0.4.10), htmltools (>= 0.5.1), R6, rappdirs",NA,"testthat, knitr, rmarkdown, withr, shiny, curl",NA,"MIT + file LICENSE",NA,NA,NA,NA,"yes","4.0.2"
"scales","scales","/Library/Frameworks/R.framework/Versions/4.0/Resources/library","1.1.1",NA,"R (>= 3.2)","farver (>= 2.0.3), labeling, lifecycle, munsell (>= 0.5), R6,
RColorBrewer, viridisLite",NA,"bit64, covr, dichromat, ggplot2, hms (>= 0.5.0), testthat (>=
2.1.0)",NA,"MIT + file LICENSE",NA,NA,NA,NA,"no","4.0.2"
"scatterplot3d","scatterplot3d","/Library/Frameworks/R.framework/Versions/4.0/Resources/library","0.3-41",NA,"R (>= 2.7.0)","grDevices, graphics, stats",NA,NA,NA,"GPL-2",NA,NA,NA,NA,"no","4.0.2"
"SciViews","SciViews","/Library/Frameworks/R.framework/Versions/4.0/Resources/library","0.9-13.1",NA,"R (>= 2.6.0)","ellipse, grDevices, graphics, stats",NA,"MASS, covr, knitr, testthat","base","GPL-2",NA,NA,NA,NA,"no","4.0.2"
"selectr","selectr","/Library/Frameworks/R.framework/Versions/4.0/Resources/library","0.4-2",NA,"R (>= 3.0)","methods, stringr, R6",NA,"testthat, XML, xml2",NA,"BSD_3_clause + file LICENCE",NA,NA,NA,NA,"no","4.0.2"
"sem","sem","/Library/Frameworks/R.framework/Versions/4.0/Resources/library","3.1-11",NA,"R (>= 3.5.0), stats","matrixcalc, MASS, boot, mi (>= 0.9-99), utils",NA,"polycor, DiagrammeR",NA,"GPL (>= 2)",NA,NA,NA,NA,"yes","4.0.2"
"semTools","semTools","/Library/Frameworks/R.framework/Versions/4.0/Resources/library","0.5-5",NA,"R(>= 3.4), utils, stats, graphics, lavaan(>= 0.6-7)","methods, pbivnorm",NA,"MASS, foreign, parallel, boot, Amelia, mice, GPArotation,
mnormt, blavaan, emmeans, testthat",NA,"GPL (>= 2)",NA,NA,NA,NA,"no","4.0.5"
"seriation","seriation","/Library/Frameworks/R.framework/Versions/4.0/Resources/library","1.3.0",NA,"R (>= 2.14.0)","stats, grDevices, grid, TSP, qap, cluster, gclus, colorspace,
MASS, registry",NA,"DendSer, GA, testthat, dendextend, ggplot2, scales",NA,"GPL-3",NA,NA,NA,NA,"yes","4.0.2"
"sessioninfo","sessioninfo","/Library/Frameworks/R.framework/Versions/4.0/Resources/library","1.1.1",NA,NA,"cli, tools, utils, withr",NA,"callr, covr, mockery, testthat",NA,"GPL-2",NA,NA,NA,NA,"no","4.0.2"
"sf","sf","/Library/Frameworks/R.framework/Versions/4.0/Resources/library","1.0-2",NA,"methods, R (>= 3.3.0)","classInt (>= 0.4-1), DBI (>= 0.8), graphics, grDevices, grid,
magrittr, Rcpp (>= 0.12.18), s2 (>= 1.0.5), stats, tools, units
(>= 0.6-0), utils","Rcpp","blob, covr, dplyr (>= 0.8-3), ggplot2, knitr, lwgeom (>=
0.2-1), maps, mapview, microbenchmark, odbc, pillar, pool,
raster, rgdal, rgeos, rlang, rmarkdown, RPostgres (>= 1.1.0),
RPostgreSQL, RSQLite, sp (>= 1.2-4), spatstat (>= 2.0-1),
spatstat.geom, spatstat.core, spatstat.linnet, spatstat.utils,
stars (>= 0.2-0), terra, testthat, tibble (>= 1.4.1), tidyr (>=
1.0-0), tidyselect (>= 1.0.0), tmap (>= 2.0), vctrs, wk",NA,"GPL-2 | MIT + file LICENSE",NA,NA,NA,NA,"yes","4.0.5"
"shiny","shiny","/Library/Frameworks/R.framework/Versions/4.0/Resources/library","1.6.0",NA,"R (>= 3.0.2), methods","utils, grDevices, httpuv (>= 1.5.2), mime (>= 0.3), jsonlite
(>= 0.9.16), xtable, digest (>= 0.6.25), htmltools (>=
0.5.0.9001), R6 (>= 2.0), sourcetools, later (>= 1.0.0),
promises (>= 1.1.0), tools, crayon, rlang (>= 0.4.9), fastmap
(>= 1.0.0), withr, commonmark (>= 1.7), glue (>= 1.3.2), bslib
(>= 0.2.2.9002), cachem, ellipsis, lifecycle (>= 0.2.0)",NA,"datasets, Cairo (>= 1.5-5), testthat (>= 2.1.1), knitr (>=
1.6), markdown, rmarkdown, ggplot2, reactlog (>= 1.0.0),
magrittr, shinytest (>= 1.4.0.9003), yaml, future, dygraphs,
ragg, showtext, sass",NA,"GPL-3 | file LICENSE",NA,NA,NA,NA,"no","4.0.2"
"shinyjs","shinyjs","/Library/Frameworks/R.framework/Versions/4.0/Resources/library","2.0.0",NA,"R (>= 3.1.0)","digest (>= 0.6.8), htmltools (>= 0.2.9), jsonlite, shiny (>=
1.0.0)",NA,"knitr (>= 1.7), rmarkdown, shinyAce, shinydisconnect,
testthat (>= 0.9.1)",NA,"MIT + file LICENSE",NA,NA,NA,NA,"no","4.0.2"
"simr","simr","/Library/Frameworks/R.framework/Versions/4.0/Resources/library","1.0.5",NA,"lme4 (>= 1.1-16)","binom,iterators,pbkrtest,plotrix,plyr,RLRsim,stringr,stats,methods,utils,graphics,grDevices,car",NA,"testthat,knitr,rmarkdown,lmerTest (>= 3.0-0)",NA,"GPL (>= 2)",NA,NA,NA,NA,"no","4.0.2"
"skimr","skimr","/Library/Frameworks/R.framework/Versions/4.0/Resources/library","2.1.3",NA,"R (>= 3.1.2)","cli, crayon, dplyr (>= 0.8.0), knitr (>= 1.2), magrittr (>=
1.5), purrr, repr, rlang (>= 0.3.1), stats, stringr (>= 1.1),
tibble (>= 2.0.0), tidyr (>= 1.0), tidyselect (>= 1.0.0),
vctrs, withr",NA,"covr, data.table, dtplyr, extrafont, lubridate, rmarkdown,
sf, testthat (>= 2.0.0)",NA,"GPL-3",NA,NA,NA,NA,"no","4.0.2"
"SnowballC","SnowballC","/Library/Frameworks/R.framework/Versions/4.0/Resources/library","0.7.0",NA,NA,NA,NA,NA,NA,"BSD_3_clause + file LICENSE",NA,NA,NA,NA,"yes","4.0.2"
"solrium","solrium","/Library/Frameworks/R.framework/Versions/4.0/Resources/library","1.2.0",NA,NA,"utils, dplyr (>= 0.5.0), plyr (>= 1.8.4), crul (>= 0.4.0),
xml2 (>= 1.0.0), jsonlite (>= 1.0), tibble (>= 1.4.2), R6",NA,"testthat, knitr, rmarkdown",NA,"MIT + file LICENSE",NA,NA,NA,NA,"no","4.0.2"
"sourcetools","sourcetools","/Library/Frameworks/R.framework/Versions/4.0/Resources/library","0.1.7",NA,"R (>= 3.0.2)",NA,NA,"testthat",NA,"MIT + file LICENSE",NA,NA,NA,NA,"yes","4.0.2"
"sp","sp","/Library/Frameworks/R.framework/Versions/4.0/Resources/library","1.4-5",NA,"R (>= 3.0.0), methods","utils, stats, graphics, grDevices, lattice, grid",NA,"RColorBrewer, rgdal (>= 1.2-3), rgeos (>= 0.3-13), gstat,
maptools, deldir",NA,"GPL (>= 2)",NA,NA,NA,NA,"yes","4.0.2"
"SparseM","SparseM","/Library/Frameworks/R.framework/Versions/4.0/Resources/library","1.81",NA,"R (>= 2.15), methods","graphics, stats, utils",NA,NA,NA,"GPL (>= 2)",NA,NA,NA,NA,"yes","4.0.2"
"StanHeaders","StanHeaders","/Library/Frameworks/R.framework/Versions/4.0/Resources/library","2.21.0-7",NA,"R (>= 3.4.0)","RcppParallel (>= 5.0.1)","RcppEigen, RcppParallel (>= 5.0.1)","Rcpp, BH, knitr (>= 1.15.1), rmarkdown, Matrix, methods,
rstan",NA,"BSD_3_clause + file LICENSE",NA,NA,NA,NA,"yes","4.0.2"
"statmod","statmod","/Library/Frameworks/R.framework/Versions/4.0/Resources/library","1.4.36",NA,"R (>= 3.0.0)","stats, graphics",NA,"MASS, tweedie",NA,"GPL-2 | GPL-3",NA,NA,NA,NA,"yes","4.0.2"
"stringi","stringi","/Library/Frameworks/R.framework/Versions/4.0/Resources/library","1.6.2",NA,"R (>= 3.1)","tools, utils, stats",NA,NA,NA,"file LICENSE","yes",NA,NA,NA,"yes","4.0.2"
"stringr","stringr","/Library/Frameworks/R.framework/Versions/4.0/Resources/library","1.4.0",NA,"R (>= 3.1)","glue (>= 1.2.0), magrittr, stringi (>= 1.1.7)",NA,"covr, htmltools, htmlwidgets, knitr, rmarkdown, testthat",NA,"GPL-2 | file LICENSE",NA,NA,NA,NA,"no","4.0.2"
"svglite","svglite","/Library/Frameworks/R.framework/Versions/4.0/Resources/library","2.0.0",NA,"R (>= 3.0.0)","systemfonts (>= 1.0.0)","cpp11, systemfonts","htmltools, testthat, xml2 (>= 1.0.0), covr, fontquiver (>=
0.2.0), knitr, rmarkdown",NA,"GPL (>= 2)",NA,NA,NA,NA,"yes","4.0.2"
"sys","sys","/Library/Frameworks/R.framework/Versions/4.0/Resources/library","3.4",NA,NA,NA,NA,"unix (>= 1.4), spelling, testthat",NA,"MIT + file LICENSE",NA,NA,NA,NA,"yes","4.0.2"
"systemfonts","systemfonts","/Library/Frameworks/R.framework/Versions/4.0/Resources/library","1.0.2",NA,"R (>= 3.2.0)",NA,"cpp11 (>= 0.2.1)","testthat (>= 2.1.0), covr, knitr, rmarkdown, tools",NA,"MIT + file LICENSE",NA,NA,NA,NA,"yes","4.0.2"
"taxize","taxize","/Library/Frameworks/R.framework/Versions/4.0/Resources/library","0.9.99",NA,"R(>= 3.2.1)","graphics, methods, stats, utils, crul (>= 0.7.0), xml2 (>=
1.2.0), jsonlite, foreach, ape, zoo, data.table, tibble (>=
1.2), bold (>= 0.8.6), rredlist, rotl (>= 3.0.0), ritis (>=
0.7.6), worrms (>= 0.4.0), natserv (>= 1.0.0), wikitaxa (>=
0.3.0), R6, crayon, cli, phangorn, conditionz",NA,"testthat, vegan, vcr",NA,"MIT + file LICENSE",NA,NA,NA,NA,"no","4.0.2"
"testthat","testthat","/Library/Frameworks/R.framework/Versions/4.0/Resources/library","3.0.4",NA,"R (>= 3.1)","brio, callr (>= 3.5.1), cli (>= 2.2.0), crayon (>= 1.3.4),
desc, digest, ellipsis (>= 0.2.0), evaluate, jsonlite,
lifecycle, magrittr, methods, pkgload, praise, processx, ps (>=
1.3.4), R6 (>= 2.2.0), rlang (>= 0.4.9), utils, waldo (>=
0.2.4), withr (>= 2.3.0)",NA,"covr, curl (>= 0.9.5), diffviewer (>= 0.1.0), knitr, mockery,
rmarkdown, rstudioapi, shiny, usethis, vctrs (>= 0.1.0), xml2",NA,"MIT + file LICENSE",NA,NA,NA,NA,"yes","4.0.5"
"TH.data","TH.data","/Library/Frameworks/R.framework/Versions/4.0/Resources/library","1.0-10",NA,"R (>= 2.10.0), survival, MASS",NA,NA,"dplyr, gdata, plyr",NA,"GPL-3",NA,NA,NA,NA,"no","4.0.2"
"tibble","tibble","/Library/Frameworks/R.framework/Versions/4.0/Resources/library","3.1.2",NA,"R (>= 3.1.0)","ellipsis (>= 0.3.2), fansi (>= 0.4.0), lifecycle (>= 0.2.0),
magrittr, methods, pillar (>= 1.6.0), pkgconfig, rlang (>=
0.4.3), utils, vctrs (>= 0.3.8)",NA,"bench, bit64, blob, cli, covr, crayon (>= 1.3.4), DiagrammeR,
dplyr, evaluate, formattable, ggplot2, hms, htmltools, knitr,
lubridate, mockr, nycflights13, purrr, rmarkdown, testthat (>=
3.0.2), tidyr, withr",NA,"MIT + file LICENSE",NA,NA,NA,NA,"yes","4.0.2"
"tidygraph","tidygraph","/Library/Frameworks/R.framework/Versions/4.0/Resources/library","1.2.0",NA,NA,"tibble, dplyr (>= 0.8.5), igraph, magrittr, utils, rlang, R6,
Rcpp, tools, stats, tidyr, pillar","Rcpp","network, data.tree, ape, graph, methods, testthat, covr,
seriation, netrankr, influenceR, NetSwan",NA,"MIT + file LICENSE",NA,NA,NA,NA,"yes","4.0.2"
"tidyr","tidyr","/Library/Frameworks/R.framework/Versions/4.0/Resources/library","1.1.3",NA,"R (>= 3.1)","dplyr (>= 0.8.2), ellipsis (>= 0.1.0), glue, lifecycle,
magrittr, purrr, rlang, tibble (>= 2.1.1), tidyselect (>=
1.1.0), utils, vctrs (>= 0.3.6)","cpp11 (>= 0.2.6)","covr, data.table, jsonlite, knitr, readr, repurrrsive (>=
1.0.0), rmarkdown, testthat (>= 3.0.0)",NA,"MIT + file LICENSE",NA,NA,NA,NA,"yes","4.0.2"
"tidyselect","tidyselect","/Library/Frameworks/R.framework/Versions/4.0/Resources/library","1.1.1",NA,"R (>= 3.2)","ellipsis, glue (>= 1.3.0), purrr (>= 0.3.2), rlang (>= 0.4.6),
vctrs (>= 0.3.0)",NA,"covr, crayon, dplyr, knitr, magrittr, rmarkdown, testthat (>=
2.3.0), tibble (>= 2.1.3), withr",NA,"MIT + file LICENSE",NA,NA,NA,NA,"yes","4.0.2"
"tidytext","tidytext","/Library/Frameworks/R.framework/Versions/4.0/Resources/library","0.3.1",NA,"R (>= 2.10)","rlang (>= 0.4.10), tibble, dplyr, stringr, hunspell, generics,
lifecycle, Matrix, tokenizers, janeaustenr, purrr (>= 0.1.1),
methods, vctrs",NA,"readr, tidyr, XML, tm, quanteda, knitr, rmarkdown, ggplot2,
reshape2, wordcloud, topicmodels, NLP, scales, testthat (>=
2.1.0), vdiffr, mallet, stm, data.table, broom, textdata,
stopwords, covr",NA,"MIT + file LICENSE",NA,NA,NA,NA,"no","4.0.2"
"tidyverse","tidyverse","/Library/Frameworks/R.framework/Versions/4.0/Resources/library","1.3.1",NA,"R (>= 3.3)","broom (>= 0.7.6), cli (>= 2.4.0), crayon (>= 1.4.1), dbplyr
(>= 2.1.1), dplyr (>= 1.0.5), dtplyr (>= 1.1.0), forcats (>=
0.5.1), googledrive (>= 1.0.1), googlesheets4 (>= 0.3.0),
ggplot2 (>= 3.3.3), haven (>= 2.3.1), hms (>= 1.0.0), httr (>=
1.4.2), jsonlite (>= 1.7.2), lubridate (>= 1.7.10), magrittr
(>= 2.0.1), modelr (>= 0.1.8), pillar (>= 1.6.0), purrr (>=
0.3.4), readr (>= 1.4.0), readxl (>= 1.3.1), reprex (>= 2.0.0),
rlang (>= 0.4.10), rstudioapi (>= 0.13), rvest (>= 1.0.0),
stringr (>= 1.4.0), tibble (>= 3.1.0), tidyr (>= 1.1.3), xml2
(>= 1.3.2)",NA,"covr, feather, glue, knitr, rmarkdown, testthat",NA,"MIT + file LICENSE",NA,NA,NA,NA,"no","4.0.2"
"tinytex","tinytex","/Library/Frameworks/R.framework/Versions/4.0/Resources/library","0.32",NA,NA,"xfun (>= 0.23)",NA,"testit, rstudioapi",NA,"MIT + file LICENSE",NA,NA,NA,NA,"no","4.0.2"
"TMB","TMB","/Library/Frameworks/R.framework/Versions/4.0/Resources/library","1.7.20",NA,"R (>= 3.0.0)","graphics, methods, stats, utils, Matrix (>= 1.0-12)","Matrix, RcppEigen","numDeriv, parallel",NA,"GPL-2",NA,NA,NA,NA,"yes","4.0.2"
"tmvnsim","tmvnsim","/Library/Frameworks/R.framework/Versions/4.0/Resources/library","1.0-2",NA,NA,NA,NA,NA,NA,"GPL-2",NA,NA,NA,NA,"yes","4.0.2"
"tokenizers","tokenizers","/Library/Frameworks/R.framework/Versions/4.0/Resources/library","0.2.1",NA,"R (>= 3.1.3)","stringi (>= 1.0.1), Rcpp (>= 0.12.3), SnowballC (>= 0.5.1)","Rcpp","covr, knitr, rmarkdown, stopwords (>= 0.9.0), testthat",NA,"MIT + file LICENSE",NA,NA,NA,NA,"yes","4.0.2"
"triebeard","triebeard","/Library/Frameworks/R.framework/Versions/4.0/Resources/library","0.3.0",NA,NA,"Rcpp","Rcpp","knitr, rmarkdown, testthat",NA,"MIT + file LICENSE",NA,NA,NA,NA,"yes","4.0.2"
"TSP","TSP","/Library/Frameworks/R.framework/Versions/4.0/Resources/library","1.1-10",NA,"R (>= 3.5.0)","graphics, foreach, utils, stats, grDevices",NA,"sp, maps, maptools, testthat",NA,"GPL-3",NA,NA,NA,NA,"yes","4.0.2"
"tweenr","tweenr","/Library/Frameworks/R.framework/Versions/4.0/Resources/library","1.0.2",NA,"R (>= 3.2.0)","Rcpp (>= 0.12.3), grDevices, farver, magrittr, rlang","Rcpp","testthat, covr",NA,"MIT + file LICENSE",NA,NA,NA,NA,"yes","4.0.2"
"units","units","/Library/Frameworks/R.framework/Versions/4.0/Resources/library","0.7-2",NA,"R (>= 3.0.2)","Rcpp","Rcpp (>= 0.12.10)","udunits2, NISTunits, measurements, xml2, magrittr, pillar (>=
1.3.0), dplyr (>= 1.0.0), vctrs (>= 0.3.1), knitr, testthat (>=
3.0.0), ggforce, rmarkdown",NA,"GPL-2",NA,NA,NA,NA,"yes","4.0.2"
"urltools","urltools","/Library/Frameworks/R.framework/Versions/4.0/Resources/library","1.7.3",NA,"R (>= 2.10)","Rcpp, methods, triebeard","Rcpp","testthat, knitr",NA,"MIT + file LICENSE",NA,NA,NA,NA,"yes","4.0.2"
"usethis","usethis","/Library/Frameworks/R.framework/Versions/4.0/Resources/library","2.0.1",NA,"R (>= 3.2)","cli, clipr (>= 0.3.0), crayon, curl (>= 2.7), desc, fs (>=
1.3.0), gert (>= 1.0.2), gh (>= 1.2.0), glue (>= 1.3.0),
jsonlite, lifecycle, purrr, rappdirs, rlang (>= 0.4.10),
rprojroot (>= 1.2), rstudioapi, stats, utils, whisker, withr
(>= 2.3.0), yaml",NA,"covr, knitr, magick, mockr, rmarkdown, roxygen2, spelling (>=
1.2), styler (>= 1.2.0), testthat (>= 3.0.0)",NA,"MIT + file LICENSE",NA,NA,NA,NA,"no","4.0.2"
"utf8","utf8","/Library/Frameworks/R.framework/Versions/4.0/Resources/library","1.2.1",NA,"R (>= 2.10)",NA,NA,"covr, knitr, rlang, rmarkdown, testthat (>= 3.0.0)",NA,"Apache License (== 2.0) | file LICENSE",NA,NA,NA,NA,"yes","4.0.2"
"uuid","uuid","/Library/Frameworks/R.framework/Versions/4.0/Resources/library","0.1-4",NA,"R (>= 2.9.0)",NA,NA,NA,NA,"MIT + file LICENSE",NA,NA,NA,NA,"yes","4.0.2"
"vctrs","vctrs","/Library/Frameworks/R.framework/Versions/4.0/Resources/library","0.3.8",NA,"R (>= 3.3)","ellipsis (>= 0.2.0), glue, rlang (>= 0.4.10)",NA,"bit64, covr, crayon, dplyr (>= 0.8.5), generics, knitr,
pillar (>= 1.4.4), pkgdown, rmarkdown, testthat (>= 2.3.0),
tibble, withr, xml2, waldo (>= 0.2.0), zeallot",NA,"MIT + file LICENSE",NA,NA,NA,NA,"yes","4.0.2"
"vegan","vegan","/Library/Frameworks/R.framework/Versions/4.0/Resources/library","2.5-7",NA,"permute (>= 0.9-0), lattice, R (>= 3.4.0)","MASS, cluster, mgcv",NA,"parallel, tcltk, knitr, markdown",NA,"GPL-2",NA,NA,NA,NA,"yes","4.0.2"
"viridis","viridis","/Library/Frameworks/R.framework/Versions/4.0/Resources/library","0.6.1",NA,"R (>= 2.10), viridisLite (>= 0.4.0)","stats, ggplot2 (>= 1.0.1), gridExtra",NA,"hexbin (>= 1.27.0), scales, MASS, knitr, dichromat,
colorspace, rasterVis, httr, mapproj, vdiffr, svglite (>=
1.2.0), testthat, covr, rmarkdown, rgdal",NA,"MIT + file LICENSE",NA,NA,NA,NA,"no","4.0.2"
"viridisLite","viridisLite","/Library/Frameworks/R.framework/Versions/4.0/Resources/library","0.4.0",NA,"R (>= 2.10)",NA,NA,"hexbin (>= 1.27.0), ggplot2 (>= 1.0.1), testthat, covr",NA,"MIT + file LICENSE",NA,NA,NA,NA,"no","4.0.2"
"visNetwork","visNetwork","/Library/Frameworks/R.framework/Versions/4.0/Resources/library","2.0.9",NA,"R (>= 3.0)","htmlwidgets, htmltools, jsonlite, magrittr, utils, methods,
grDevices, stats",NA,"knitr, rmarkdown, webshot, igraph, rpart, shiny,
shinyWidgets, colourpicker, sparkline, ggraph, tidygraph,
flashClust",NA,"MIT + file LICENSE",NA,NA,NA,NA,"no","4.0.2"
"waldo","waldo","/Library/Frameworks/R.framework/Versions/4.0/Resources/library","0.2.5",NA,NA,"cli, diffobj, fansi, glue, methods, rematch2, rlang (>=
0.4.10), tibble",NA,"testthat (>= 3.0.0), covr, R6",NA,"MIT + file LICENSE",NA,NA,NA,NA,"no","4.0.2"
"webshot","webshot","/Library/Frameworks/R.framework/Versions/4.0/Resources/library","0.5.2",NA,"R (>= 3.0)","magrittr, jsonlite, callr",NA,"httpuv, knitr, rmarkdown, shiny",NA,"GPL-2",NA,NA,NA,NA,"no","4.0.2"
"wellknown","wellknown","/Library/Frameworks/R.framework/Versions/4.0/Resources/library","0.7.4",NA,NA,"jsonlite, wk, Rcpp","Rcpp, BH","leaflet (>= 1.0.0), testthat",NA,"MIT + file LICENSE",NA,NA,NA,NA,"yes","4.0.2"
"whisker","whisker","/Library/Frameworks/R.framework/Versions/4.0/Resources/library","0.4",NA,NA,NA,NA,"markdown",NA,"GPL-3",NA,NA,NA,NA,"no","4.0.2"
"WikidataQueryServiceR","WikidataQueryServiceR","/Library/Frameworks/R.framework/Versions/4.0/Resources/library","1.0.0",NA,"R (>= 3.1.2)","httr (>= 1.2.1), dplyr (>= 1.0.0), jsonlite (>= 1.2),
WikipediR (>= 1.5.0), ratelimitr (>= 0.4.1), purrr (>= 0.3.4),
readr (>= 1.3.1), rex (>= 1.2.0)",NA,"testthat (>= 2.3.0), lintr (>= 2.0.1)",NA,"MIT + file LICENSE",NA,NA,NA,NA,"no","4.0.2"
"WikidataR","WikidataR","/Library/Frameworks/R.framework/Versions/4.0/Resources/library","2.3.1",NA,"R (>= 3.5.0)","httr, jsonlite, WikipediR, WikidataQueryServiceR, tibble,
dplyr, stringr, Hmisc, progress, pbapply, stats, readr, crayon,
utils",NA,"markdown, testthat, tidyverse, knitr, pageviews",NA,"MIT + file LICENSE",NA,NA,NA,NA,"no","4.0.5"
"WikipediR","WikipediR","/Library/Frameworks/R.framework/Versions/4.0/Resources/library","1.5.0",NA,NA,"httr, jsonlite",NA,"testthat, knitr, WikidataR, pageviews",NA,"MIT + file LICENSE",NA,NA,NA,NA,"no","4.0.2"
"wikitaxa","wikitaxa","/Library/Frameworks/R.framework/Versions/4.0/Resources/library","0.4.0",NA,"R(>= 3.2.1)","WikidataR, data.table, curl, crul (>= 0.3.4), tibble,
jsonlite, xml2",NA,"testthat, knitr, rmarkdown, vcr",NA,"MIT + file LICENSE",NA,NA,NA,NA,"no","4.0.2"
"withr","withr","/Library/Frameworks/R.framework/Versions/4.0/Resources/library","2.4.2",NA,"R (>= 3.2.0)","graphics, grDevices, stats",NA,"covr, DBI, knitr, lattice, methods, rmarkdown, RSQLite,
testthat (>= 2.1.0)",NA,"MIT + file LICENSE",NA,NA,NA,NA,"no","4.0.2"
"wk","wk","/Library/Frameworks/R.framework/Versions/4.0/Resources/library","0.4.1",NA,NA,NA,"cpp11","testthat (>= 3.0.0), vctrs (>= 0.3.0), wkutils, sf, tibble",NA,"MIT + file LICENSE",NA,NA,NA,NA,"yes","4.0.2"
"wordcloud","wordcloud","/Library/Frameworks/R.framework/Versions/4.0/Resources/library","2.6",NA,"methods, RColorBrewer","Rcpp (>= 0.9.4)","Rcpp","tm (>= 0.6), slam",NA,"LGPL-2.1",NA,NA,NA,NA,"yes","4.0.2"
"worrms","worrms","/Library/Frameworks/R.framework/Versions/4.0/Resources/library","0.4.2",NA,NA,"crul (>= 0.6.0), tibble (>= 1.2), jsonlite (>= 1.1),
data.table",NA,"roxygen2 (>= 7.1.0), knitr, rmarkdown, testthat, vcr (>=
0.2.0)",NA,"MIT + file LICENSE",NA,NA,NA,NA,"no","4.0.2"
"xfun","xfun","/Library/Frameworks/R.framework/Versions/4.0/Resources/library","0.24",NA,NA,"stats, tools",NA,"testit, parallel, codetools, rstudioapi, tinytex (>= 0.30),
mime, markdown, knitr, htmltools, remotes, pak, renv, curl,
jsonlite, rmarkdown",NA,"MIT + file LICENSE",NA,NA,NA,NA,"yes","4.0.2"
"XML","XML","/Library/Frameworks/R.framework/Versions/4.0/Resources/library","3.99-0.6",NA,"R (>= 4.0.0), methods, utils",NA,NA,"bitops, RCurl",NA,"BSD_3_clause + file LICENSE",NA,NA,NA,NA,"yes","4.0.2"
"xml2","xml2","/Library/Frameworks/R.framework/Versions/4.0/Resources/library","1.3.2",NA,"R (>= 3.1.0)","methods",NA,"covr, curl, httr, knitr, magrittr, mockery, rmarkdown,
testthat (>= 2.1.0)",NA,"GPL (>= 2)",NA,NA,NA,NA,"yes","4.0.2"
"xopen","xopen","/Library/Frameworks/R.framework/Versions/4.0/Resources/library","1.0.0",NA,"R (>= 3.1)","processx",NA,"ps, testthat",NA,"MIT + file LICENSE",NA,NA,NA,NA,"no","4.0.2"
"xtable","xtable","/Library/Frameworks/R.framework/Versions/4.0/Resources/library","1.8-4",NA,"R (>= 2.10.0)","stats, utils",NA,"knitr, plm, zoo, survival",NA,"GPL (>= 2)",NA,NA,NA,NA,"no","4.0.2"
"yaml","yaml","/Library/Frameworks/R.framework/Versions/4.0/Resources/library","2.2.1",NA,NA,NA,NA,"RUnit",NA,"BSD_3_clause + file LICENSE",NA,NA,NA,NA,"yes","4.0.2"
"zip","zip","/Library/Frameworks/R.framework/Versions/4.0/Resources/library","2.2.0",NA,NA,NA,NA,"covr, processx, R6, testthat, withr",NA,"MIT + file LICENSE",NA,NA,NA,NA,"yes","4.0.2"
"zoo","zoo","/Library/Frameworks/R.framework/Versions/4.0/Resources/library","1.8-9",NA,"R (>= 3.1.0), stats","utils, graphics, grDevices, lattice (>= 0.20-27)",NA,"AER, coda, chron, fts, ggplot2 (>= 3.0.0), mondate, scales,
stinepack, strucchange, timeDate, timeSeries, tis, tseries, xts",NA,"GPL-2 | GPL-3",NA,NA,NA,NA,"yes","4.0.2"
